﻿<LinkSources version="1.02">
  <page ID="7E5B4460-836E-44EF-AAFC-178D11FAFA9F">
    <linkSource sourcePageID="59E41FE5-A03E-414F-A5D5-AC063FE65D2A" comID="FFC9A34F-8DEC-4A87-82EB-2BB9634D89A4" comLinkType="cltPageLink"/>
    <linkSource sourcePageID="23408429-89EB-4D62-899B-49D69503156C" comID="1E5D550B-7309-4E13-B5A1-7F6984C77A26" comLinkType="cltPageLink"/>
    <linkSource sourcePageID="36F42137-85C7-4420-AFD7-017EC0631450" comID="EA39F1BF-4694-40D3-B7C5-7972D9F2DBC9" comLinkType="cltPageLink"/>
    <linkSource sourcePageID="AAA6DCEA-BB58-4CA5-B18E-7EC1136B4B2B" comID="054FF354-EA31-49B8-B028-C0E0B79F138D" comLinkType="cltPageLink"/>
    <linkSource sourcePageID="255610E3-1F4B-4946-A81D-D50ED3AE2BA2" comID="B7B68572-8F34-4823-81D2-437F9771E36D" comLinkType="cltPageLink"/>
    <linkSource sourcePageID="2E56A7C6-E623-4456-ACE0-FE5B5EF00208" comID="B290AC68-A8BE-46CD-83A7-6E60E665BC9B" comLinkType="cltPageLink"/>
    <linkSource sourcePageID="328505DE-FD08-44CE-812D-E979835F59CD" comID="D7D45378-E83B-4552-AD73-EAA4C265C8CC" comLinkType="cltPageLink"/>
    <linkSource sourcePageID="BAE45A72-DE7F-4EBB-AB29-5A8611A3C803" comID="F478B0C9-7F91-4CBE-B5E5-553C9EF2ECC8" comLinkType="cltPageLink"/>
    <linkSource sourcePageID="9F22FBC7-5DF4-43BF-A972-5740FC75B725" comID="7D9399EE-7153-43DF-BCDF-1DBB66C940B5" comLinkType="cltPageLink"/>
  </page>
  <page ID="59E41FE5-A03E-414F-A5D5-AC063FE65D2A">
    <linkSource sourcePageID="7E5B4460-836E-44EF-AAFC-178D11FAFA9F" comID="A88A6C57-5E04-49F0-B76F-5D544E2D4423" comLinkType="cltPageLink"/>
    <linkSource sourcePageID="7E5B4460-836E-44EF-AAFC-178D11FAFA9F" comID="937799FC-C24B-4606-AED1-5BBA07813624" comLinkType="cltPageLink"/>
    <linkSource sourcePageID="23408429-89EB-4D62-899B-49D69503156C" comID="1E5D550B-7309-4E13-B5A1-7F6984C77A26" comLinkType="cltPageLink"/>
    <linkSource sourcePageID="36F42137-85C7-4420-AFD7-017EC0631450" comID="EA39F1BF-4694-40D3-B7C5-7972D9F2DBC9" comLinkType="cltPageLink"/>
    <linkSource sourcePageID="AAA6DCEA-BB58-4CA5-B18E-7EC1136B4B2B" comID="054FF354-EA31-49B8-B028-C0E0B79F138D" comLinkType="cltPageLink"/>
  </page>
  <page ID="23408429-89EB-4D62-899B-49D69503156C">
    <linkSource sourcePageID="59E41FE5-A03E-414F-A5D5-AC063FE65D2A" comID="B446C547-4747-415D-89FD-935AA1B93679" comLinkType="cltPageLink"/>
  </page>
  <page ID="AAA6DCEA-BB58-4CA5-B18E-7EC1136B4B2B">
    <linkSource sourcePageID="59E41FE5-A03E-414F-A5D5-AC063FE65D2A" comID="A1ED9258-D41C-4C8E-9DCF-22AD5ED9A58B" comLinkType="cltPageLink"/>
  </page>
  <page ID="36F42137-85C7-4420-AFD7-017EC0631450">
    <linkSource sourcePageID="59E41FE5-A03E-414F-A5D5-AC063FE65D2A" comID="118A4FB7-B6E2-43BD-8357-95913CEE8813" comLinkType="cltPageLink"/>
    <linkSource sourcePageID="328505DE-FD08-44CE-812D-E979835F59CD" comID="6B945169-2BEF-4F37-9EC6-52C4F9940C1A" comLinkType="cltPageLink"/>
  </page>
  <page ID="255610E3-1F4B-4946-A81D-D50ED3AE2BA2">
    <linkSource sourcePageID="7E5B4460-836E-44EF-AAFC-178D11FAFA9F" comID="E80F1169-DD0D-46D3-A977-3FA5B64A0911" comLinkType="cltPageLink"/>
    <linkSource sourcePageID="7E5B4460-836E-44EF-AAFC-178D11FAFA9F" comID="2A31B0D5-21C2-4231-9DAF-FCFD95C719BF" comLinkType="cltPageLink"/>
    <linkSource sourcePageID="2E56A7C6-E623-4456-ACE0-FE5B5EF00208" comID="B290AC68-A8BE-46CD-83A7-6E60E665BC9B" comLinkType="cltPageLink"/>
    <linkSource sourcePageID="A808D3A8-F5FE-4DC0-A295-9437A1BB1238" comID="31909156-133F-47C4-9C2D-638CAE61E675" comLinkType="cltPageLink"/>
    <linkSource sourcePageID="5934DF4E-252D-414F-8706-FC9419D35E15" comID="F929609D-9394-40E5-8865-0D2AA93A111D" comLinkType="cltPageLink"/>
    <linkSource sourcePageID="2088F337-E90B-4D69-9E5A-BDC38B69ED2B" comID="ED45355A-9E97-4622-B4E8-A465768DA142" comLinkType="cltPageLink"/>
  </page>
  <page ID="2E56A7C6-E623-4456-ACE0-FE5B5EF00208">
    <linkSource sourcePageID="255610E3-1F4B-4946-A81D-D50ED3AE2BA2" comID="FFF76B99-66B9-4E14-A216-E18CCAE485FA" comLinkType="cltPageLink"/>
  </page>
  <page ID="A808D3A8-F5FE-4DC0-A295-9437A1BB1238">
    <linkSource sourcePageID="255610E3-1F4B-4946-A81D-D50ED3AE2BA2" comID="9E95F2A5-F67F-4607-9579-A8763C43CB93" comLinkType="cltPageLink"/>
  </page>
  <page ID="5934DF4E-252D-414F-8706-FC9419D35E15">
    <linkSource sourcePageID="255610E3-1F4B-4946-A81D-D50ED3AE2BA2" comID="87130E2A-20DE-47F5-ABCB-CA1F41C7F321" comLinkType="cltPageLink"/>
  </page>
  <page ID="2088F337-E90B-4D69-9E5A-BDC38B69ED2B">
    <linkSource sourcePageID="255610E3-1F4B-4946-A81D-D50ED3AE2BA2" comID="88DA2DEF-E40E-4839-8930-085F8EDB577F" comLinkType="cltPageLink"/>
  </page>
  <page ID="328505DE-FD08-44CE-812D-E979835F59CD">
    <linkSource sourcePageID="7E5B4460-836E-44EF-AAFC-178D11FAFA9F" comID="AD7D9F73-2885-458A-929E-1DBF1752E344" comLinkType="cltPageLink"/>
    <linkSource sourcePageID="7E5B4460-836E-44EF-AAFC-178D11FAFA9F" comID="CCF9A4EC-4610-4FEC-8486-C0DEA199DB05" comLinkType="cltPageLink"/>
    <linkSource sourcePageID="9F22FBC7-5DF4-43BF-A972-5740FC75B725" comID="7D9399EE-7153-43DF-BCDF-1DBB66C940B5" comLinkType="cltPageLink"/>
    <linkSource sourcePageID="BAE45A72-DE7F-4EBB-AB29-5A8611A3C803" comID="F478B0C9-7F91-4CBE-B5E5-553C9EF2ECC8" comLinkType="cltPageLink"/>
    <linkSource sourcePageID="13650698-B7B9-470F-BF33-1F12211470F9" comID="A228B17B-20BD-4474-9BDF-2E2099067EF0" comLinkType="cltPageLink"/>
    <linkSource sourcePageID="6A0B911B-F72D-4D4B-814D-20FDB02875D8" comID="C3C98247-9A99-4D9F-B086-E7B5C7139D91" comLinkType="cltPageLink"/>
    <linkSource sourcePageID="DC64E2F4-4646-460F-9BF4-F5AE530E3283" comID="4759630F-4AC9-4D10-B039-9D0B1F1D6DD4" comLinkType="cltPageLink"/>
    <linkSource sourcePageID="9F22FBC7-5DF4-43BF-A972-5740FC75B725" comID="5E6CC494-A962-47F2-BE88-D8F2BED7626C" comLinkType="cltPageLink"/>
  </page>
  <page ID="BAE45A72-DE7F-4EBB-AB29-5A8611A3C803">
    <linkSource sourcePageID="9F22FBC7-5DF4-43BF-A972-5740FC75B725" comID="6D9AA33F-045E-4272-97EC-D3D629438670" comLinkType="cltPageLink"/>
    <linkSource sourcePageID="9F22FBC7-5DF4-43BF-A972-5740FC75B725" comID="E5866C5F-466E-4484-9C78-F90DBE3510CA" comLinkType="cltPageLink"/>
    <linkSource sourcePageID="9F22FBC7-5DF4-43BF-A972-5740FC75B725" comID="F30FD4E5-35A1-464D-BFCE-E309CD45280F" comLinkType="cltPageLink"/>
    <linkSource sourcePageID="9F22FBC7-5DF4-43BF-A972-5740FC75B725" comID="75A65A7D-9008-413B-8AD0-7DFB958FB2B1" comLinkType="cltPageLink"/>
    <linkSource sourcePageID="9F22FBC7-5DF4-43BF-A972-5740FC75B725" comID="5E6CC494-A962-47F2-BE88-D8F2BED7626C" comLinkType="cltPageLink"/>
    <linkSource sourcePageID="9F22FBC7-5DF4-43BF-A972-5740FC75B725" comID="AD2A048C-5FCC-40E4-87BF-45115471A05B" comLinkType="cltPageLink"/>
    <linkSource sourcePageID="9F22FBC7-5DF4-43BF-A972-5740FC75B725" comID="3F400C06-86AF-457B-A597-19C5A290873F" comLinkType="cltPageLink"/>
  </page>
  <page ID="9F22FBC7-5DF4-43BF-A972-5740FC75B725">
    <linkSource sourcePageID="328505DE-FD08-44CE-812D-E979835F59CD" comID="6222C6C4-F355-4622-A613-7B002254B190" comLinkType="cltPageLink"/>
  </page>
  <page ID="13650698-B7B9-470F-BF33-1F12211470F9">
    <linkSource sourcePageID="328505DE-FD08-44CE-812D-E979835F59CD" comID="9E95F2A5-F67F-4607-9579-A8763C43CB93" comLinkType="cltPageLink"/>
  </page>
  <page ID="6A0B911B-F72D-4D4B-814D-20FDB02875D8">
    <linkSource sourcePageID="328505DE-FD08-44CE-812D-E979835F59CD" comID="87130E2A-20DE-47F5-ABCB-CA1F41C7F321" comLinkType="cltPageLink"/>
  </page>
  <page ID="DC64E2F4-4646-460F-9BF4-F5AE530E3283">
    <linkSource sourcePageID="328505DE-FD08-44CE-812D-E979835F59CD" comID="88DA2DEF-E40E-4839-8930-085F8EDB577F" comLinkType="cltPageLink"/>
  </page>
</LinkSources>