﻿<project version="2.9" name="Studout" ID="D9481F86-9F4B-447B-9444-E987F26AEEC7">
  <params>
    <pageParam version="5.3" minAllowVersion="5.3"/>
    <projectParam version="2.9" minAllowVersion="2.9" platform="MtMobile" orientation="MoPortrait" mobileScreenScale="1.77777779102325" mobileType="mmtAndroid" pageSize="(360,640)" backgroundColor="4294967295" fontSize="0" fontFamily="" projectType="ptPersonalProject" isShowTitleIndex="False"/>
    <previewParam version="1.0"/>
    <colorParam version="1.0"/>
  </params>
  <pages>
    <page name="Main" ID="7E5B4460-836E-44EF-AAFC-178D11FAFA9F" expanded="True" code="qxVqSSlgT2" thumbCode="qxVqSSlgT2" isLastOpen="True" status="psWhite" isfolder="False" isshownode="True">
      <images>
        <image key="5253CD40DBCF3C84681097DBEBEACC36.png"/>
        <image key="CBBC168A3D256E940F4FF1A8B6938B02.png"/>
        <image key="5440E443399DE5DE2335FC96F32073B0.png"/>
      </images>
    </page>
    <page name="student" ID="59E41FE5-A03E-414F-A5D5-AC063FE65D2A" expanded="True" code="q3IjuS1f95" thumbCode="q3IjuS1f95" status="psWhite" isfolder="False" isshownode="True">
      <images>
        <image key="7807C96A6C8FF935AC0D1A536DBAEA3A.png"/>
        <image key="EF45008211B8E8FA31289FBE0C48D34F.png"/>
        <image key="1806862F5D34BF16C13B2713D74C92D2.png"/>
        <image key="8F0A5A11E2B84F7FF6503250CEE79304.png"/>
        <image key="07F870C86D1BCC65EDA626EFC6BB4FA4.png"/>
        <image key="D95E480717200F895E41DB6E5B869596.svg"/>
      </images>
      <page name="leave" ID="23408429-89EB-4D62-899B-49D69503156C" expanded="True" code="WmRxYlEDZI" thumbCode="WmRxYlEDZI" status="psWhite" isfolder="False" isshownode="True">
        <images>
          <image key="D95E480717200F895E41DB6E5B869596.svg"/>
        </images>
      </page>
      <page name="verification" ID="AAA6DCEA-BB58-4CA5-B18E-7EC1136B4B2B" expanded="True" code="Z3NBY28s9R" thumbCode="Z3NBY28s9R" status="psWhite" isfolder="False" isshownode="True">
        <images>
          <image key="D95E480717200F895E41DB6E5B869596.svg"/>
        </images>
      </page>
      <page name="sign up" ID="36F42137-85C7-4420-AFD7-017EC0631450" expanded="True" code="9rVTBWm5sz" thumbCode="9rVTBWm5sz" status="psWhite" isfolder="False" isshownode="True">
        <images>
          <image key="D95E480717200F895E41DB6E5B869596.svg"/>
        </images>
      </page>
    </page>
    <page name="admin" ID="255610E3-1F4B-4946-A81D-D50ED3AE2BA2" expanded="True" code="6pJw3aX8F2" thumbCode="6pJw3aX8F2" status="psWhite" isfolder="False" isshownode="True">
      <images>
        <image key="42321EE1301108AE742B140241CC5282.png"/>
        <image key="3B903CA4F44283742296BE41F75F719E.png"/>
        <image key="07F870C86D1BCC65EDA626EFC6BB4FA4.png"/>
        <image key="D95E480717200F895E41DB6E5B869596.svg"/>
        <image key="C3710EA69578B774E8DC3A30011FDCC5.png"/>
      </images>
      <page name="list" ID="2E56A7C6-E623-4456-ACE0-FE5B5EF00208" expanded="True" code="DX721gTCpP" thumbCode="DX721gTCpP" status="psWhite" isfolder="False" isshownode="True">
        <images>
          <image key="B91434690C5B5224D1CC6B1998F1178A.svg"/>
          <image key="CB1D4BD70EFAF9D0D63B9D0659D62AAA.svg"/>
          <image key="033060A4746B78F670C2398647EB85C1.svg"/>
          <image key="D95E480717200F895E41DB6E5B869596.svg"/>
        </images>
      </page>
      <page name="leave" ID="A808D3A8-F5FE-4DC0-A295-9437A1BB1238" expanded="False" code="wtx2Wi9pso" thumbCode="wtx2Wi9pso" status="psWhite" isfolder="False" isshownode="True">
        <images>
          <image key="D95E480717200F895E41DB6E5B869596.svg"/>
        </images>
      </page>
      <page name="grades" ID="5934DF4E-252D-414F-8706-FC9419D35E15" expanded="False" code="tdpWWpXBYy" thumbCode="tdpWWpXBYy" status="psWhite" isfolder="False" isshownode="True">
        <images>
          <image key="D95E480717200F895E41DB6E5B869596.svg"/>
        </images>
      </page>
      <page name="verification" ID="2088F337-E90B-4D69-9E5A-BDC38B69ED2B" expanded="False" code="rhqyXIVlUR" thumbCode="rhqyXIVlUR" status="psWhite" isfolder="False" isshownode="True">
        <images>
          <image key="D95E480717200F895E41DB6E5B869596.svg"/>
        </images>
      </page>
    </page>
    <page name="teacher" ID="328505DE-FD08-44CE-812D-E979835F59CD" expanded="True" code="Udia3EhUbr" thumbCode="Udia3EhUbr" status="psWhite" isfolder="False" isshownode="True">
      <images>
        <image key="42321EE1301108AE742B140241CC5282.png"/>
        <image key="3B903CA4F44283742296BE41F75F719E.png"/>
        <image key="07F870C86D1BCC65EDA626EFC6BB4FA4.png"/>
        <image key="14D8985A35CEF866B2424BF1C4C752DB.png"/>
        <image key="D95E480717200F895E41DB6E5B869596.svg"/>
      </images>
      <page name="sign up code" ID="BAE45A72-DE7F-4EBB-AB29-5A8611A3C803" expanded="True" code="4bPDfQt1Ca" thumbCode="4bPDfQt1Ca" status="psWhite" isfolder="False" isshownode="True">
        <images>
          <image key="D95E480717200F895E41DB6E5B869596.svg"/>
        </images>
      </page>
      <page name="roll" ID="9F22FBC7-5DF4-43BF-A972-5740FC75B725" expanded="True" code="wgPf68oEwN" thumbCode="wgPf68oEwN" status="psWhite" isfolder="False" isshownode="True">
        <images>
          <image key="B91434690C5B5224D1CC6B1998F1178A.svg"/>
          <image key="CB1D4BD70EFAF9D0D63B9D0659D62AAA.svg"/>
          <image key="033060A4746B78F670C2398647EB85C1.svg"/>
          <image key="D95E480717200F895E41DB6E5B869596.svg"/>
        </images>
      </page>
      <page name="leave" ID="13650698-B7B9-470F-BF33-1F12211470F9" expanded="True" code="axiaOzlmgF" thumbCode="axiaOzlmgF" status="psWhite" isfolder="False" isshownode="True">
        <images>
          <image key="D95E480717200F895E41DB6E5B869596.svg"/>
        </images>
      </page>
      <page name="grades" ID="6A0B911B-F72D-4D4B-814D-20FDB02875D8" expanded="True" code="O7mMXNOtz7" thumbCode="O7mMXNOtz7" status="psWhite" isfolder="False" isshownode="True">
        <images>
          <image key="D95E480717200F895E41DB6E5B869596.svg"/>
        </images>
      </page>
      <page name="verification" ID="DC64E2F4-4646-460F-9BF4-F5AE530E3283" expanded="True" code="uUEkHmM1lk" thumbCode="uUEkHmM1lk" status="psWhite" isfolder="False" isshownode="True">
        <images>
          <image key="D95E480717200F895E41DB6E5B869596.svg"/>
        </images>
      </page>
    </page>
  </pages>
  <trash>
    <page name="admin" ID="CB7DB9FE-2A61-430B-A793-81FB862EDF45" expanded="True" code="uXHE2DbSJm" thumbCode="H9O5Ag2Usp" isLastOpen="True" status="psWhite" isfolder="False" isshownode="True"/>
    <page name="teacher" ID="03A8B57B-9B1C-46B7-8CBA-A3D1E543C1A0" expanded="True" code="gkaaRY6Dy2" thumbCode="g6PmYWJJDw" isLastOpen="True" status="psWhite" isfolder="False" isshownode="True"/>
    <page name="teacher" ID="8E955F75-8F24-4EDB-AAD9-CA2CBD4413FE" expanded="True" code="o6pSu7ub9U" thumbCode="Q9KEf1WcqS" isLastOpen="True" status="psWhite" isfolder="False" isshownode="True">
      <images>
        <image key="07F870C86D1BCC65EDA626EFC6BB4FA4.png"/>
        <image key="42321EE1301108AE742B140241CC5282.png"/>
        <image key="C3710EA69578B774E8DC3A30011FDCC5.png"/>
      </images>
    </page>
    <page name="leave" ID="049AD089-F22D-4C59-95F5-FADD3C429F01" expanded="True" code="P9mkHTfCgF" thumbCode="MiSStL9u7R" isLastOpen="True" status="psWhite" isfolder="False" isshownode="True"/>
    <page name="Main" ID="54E3054A-907A-48D8-A1E5-306F804ABC20" expanded="True" code="CKR1fxqEAG" thumbCode="R2LK6IswLr" isLastOpen="True" status="psWhite" isfolder="False" isshownode="True">
      <images>
        <image key="87CB8E0AC9DD62BB4CA3784F38AF9B7D.png"/>
        <image key="CB1D4BD70EFAF9D0D63B9D0659D62AAA.svg"/>
        <image key="488579C222A7810A5848292CE6AA70F7.png"/>
        <image key="0A0B65EB118D4BE7755AB34CBB05B337.png"/>
      </images>
    </page>
  </trash>
  <deletes/>
  <masters/>
  <images>
    <image key="CB1D4BD70EFAF9D0D63B9D0659D62AAA.svg"/>
    <image key="3B903CA4F44283742296BE41F75F719E.png"/>
    <image key="07F870C86D1BCC65EDA626EFC6BB4FA4.png"/>
    <image key="14D8985A35CEF866B2424BF1C4C752DB.png"/>
    <image key="033060A4746B78F670C2398647EB85C1.svg"/>
    <image key="7807C96A6C8FF935AC0D1A536DBAEA3A.png"/>
    <image key="488579C222A7810A5848292CE6AA70F7.png"/>
    <image key="EF45008211B8E8FA31289FBE0C48D34F.png"/>
    <image key="1806862F5D34BF16C13B2713D74C92D2.png"/>
    <image key="0A0B65EB118D4BE7755AB34CBB05B337.png"/>
    <image key="5440E443399DE5DE2335FC96F32073B0.png"/>
    <image key="5253CD40DBCF3C84681097DBEBEACC36.png"/>
    <image key="D95E480717200F895E41DB6E5B869596.svg"/>
    <image key="B91434690C5B5224D1CC6B1998F1178A.svg"/>
    <image key="87CB8E0AC9DD62BB4CA3784F38AF9B7D.png"/>
    <image key="42321EE1301108AE742B140241CC5282.png"/>
    <image key="8F0A5A11E2B84F7FF6503250CEE79304.png"/>
    <image key="CBBC168A3D256E940F4FF1A8B6938B02.png"/>
    <image key="C3710EA69578B774E8DC3A30011FDCC5.png"/>
  </images>
</project>