﻿<mockup version="5.3" minAllowVersion="5.3" ID="23408429-89EB-4D62-899B-49D69503156C" platform="MtMobile" defaultW="360" defaultH="640" measureW="360" measureH="640" screenOrientation="MoPortrait" mobileScreenScale="1.77777779102325" clipArea="(0,0,0,0)">
  <controls controlCount="9">
    <control controlID="355828AC-2F96-45CD-8577-67CE9E4F4F01" controlTypeID="Shape" x="33" y="478" w="294" h="44" zOrder="0">
      <color>4281532518</color>
      <borderVisible>False</borderVisible>
      <font family="Arial" displayName="Arial" postScript="" weightStyle="Regular" weight="400" isBold="False" isItalic="False"/>
      <text>confirm</text>
      <textColor>4294967295</textColor>
      <textSize>14</textSize>
      <selectedIndex>-1</selectedIndex>
      <radius>4</radius>
    </control>
    <control controlID="2A204478-856A-40C6-8AD0-DCF66090F060" controlTypeID="Shape" x="0" y="20" w="360" h="52" zOrder="1">
      <color>4291585587</color>
      <font family="%E5%BE%AE%E8%BD%AF%E9%9B%85%E9%BB%91" displayName="%E5%BE%AE%E8%BD%AF%E9%9B%85%E9%BB%91" postScript="" weightStyle="Regular" weight="400" isBold="False" isItalic="False" useDefaultFontFamily="False"/>
      <selectedIndex>-1</selectedIndex>
      <dashMode>SdDash</dashMode>
      <borderMode>[bmRight,bmBottom]</borderMode>
      <radius>8</radius>
    </control>
    <control controlID="A47BC4C5-0074-4A41-A025-F140C44284C9" controlTypeID="Label" x="92" y="20" w="175" h="38" zOrder="2">
      <font family="Segoe+UI" displayName="Segoe+UI+Bold+Italic" postScript="" weightStyle="Bold+Italic" weight="700" isBold="True" isItalic="True"/>
      <text>leave+request</text>
      <textColor>4294967295</textColor>
      <textSize>28</textSize>
      <lineSpacing>0</lineSpacing>
      <textStyles>[fsBold,fsItalic]</textStyles>
      <useDefaultTextSize>False</useDefaultTextSize>
      <selectedIndex>-1</selectedIndex>
    </control>
    <control controlID="02130943-4C7E-4F84-9492-0F9637EB15D0" controlTypeID="Shape" x="35" y="156" w="292" h="44" zOrder="3">
      <color>4293980400</color>
      <borderColor>4293980400</borderColor>
      <borderVisible>False</borderVisible>
      <font family="Arial" displayName="Arial" postScript="" weightStyle="Regular" weight="400" isBold="False" isItalic="False"/>
      <text>verification+code</text>
      <textColor>4293980400</textColor>
      <textSize>14</textSize>
      <selectedIndex>-1</selectedIndex>
      <radius>4</radius>
    </control>
    <control controlID="43AD4ED6-2447-4B13-AB53-6D978DFF9DB3" controlTypeID="TextInput" x="36" y="158" w="288" h="39" zOrder="4">
      <color>16777215</color>
      <borderColor>6710886</borderColor>
      <font family="Arial" displayName="Arial" postScript="" weightStyle="Regular" weight="400" isBold="False" isItalic="False"/>
      <text>name</text>
      <textColor>4288256409</textColor>
      <lineSpacing>0</lineSpacing>
      <selectedIndex>-1</selectedIndex>
    </control>
    <control controlID="419C11BB-64B5-40C2-8BFF-4A3E3D7527E6" controlTypeID="Shape" x="36" y="234" w="294" h="44" zOrder="5">
      <color>4293980400</color>
      <borderColor>4293980400</borderColor>
      <borderVisible>False</borderVisible>
      <font family="Arial" displayName="Arial" postScript="" weightStyle="Regular" weight="400" isBold="False" isItalic="False"/>
      <text>verification+code</text>
      <textColor>4293980400</textColor>
      <textSize>14</textSize>
      <selectedIndex>-1</selectedIndex>
      <radius>4</radius>
    </control>
    <control controlID="1BCD41BD-7F48-4097-AEC0-22594463FADC" controlTypeID="TextInput" x="39" y="236" w="281" h="39" zOrder="6">
      <color>16777215</color>
      <borderColor>6710886</borderColor>
      <font family="Arial" displayName="Arial" postScript="" weightStyle="Regular" weight="400" isBold="False" isItalic="False"/>
      <text>reason</text>
      <textColor>4288256409</textColor>
      <lineSpacing>0</lineSpacing>
      <selectedIndex>-1</selectedIndex>
    </control>
    <control controlID="AE8BFF8C-BA2D-4109-A783-79B534363BEB" controlTypeID="StatusBar(IOS)" x="0" y="0" w="360" h="20" zOrder="7">
      <color>4291611852</color>
    </control>
    <control controlID="1E5D550B-7309-4E13-B5A1-7F6984C77A26" controlTypeID="Icon" x="10" y="34" w="24" h="24" zOrder="8">
      <color>4294967295</color>
      <links eventType="AtClick" animate="AmNone" animateAutoDelay="0" animateDuration="500">
        <link targetPageID="59E41FE5-A03E-414F-A5D5-AC063FE65D2A" linkType="ltPageLink" isApplyIncludePage="False" title="student">
          <area shape="0" alt="" ID="{6D8ED9D7-69E0-4917-A205-C99E3B50722F}" coords="(0,0,24,24)"/>
        </link>
      </links>
      <icon>
        <ID/>
        <iconFontName>jdIonicons</iconFontName>
        <iconCode>62154</iconCode>
      </icon>
      <URL>D95E480717200F895E41DB6E5B869596.svg</URL>
    </control>
  </controls>
  <param>
    <backgroundColor>4294967295</backgroundColor>
    <fontSize>0</fontSize>
    <fontFamily/>
    <guideLines/>
  </param>
</mockup>