﻿<mockup version="5.3" minAllowVersion="5.3" ID="255610E3-1F4B-4946-A81D-D50ED3AE2BA2" platform="MtMobile" defaultW="360" defaultH="640" measureW="360" measureH="640" screenOrientation="MoPortrait" mobileScreenScale="1.77777779102325">
  <controls controlCount="12">
    <control controlID="88DA2DEF-E40E-4839-8930-085F8EDB577F" controlTypeID="Image" x="24" y="81" w="69" h="65" zOrder="0">
      <links eventType="AtClick" animate="AmNone" animateAutoDelay="0" animateDuration="500">
        <link targetPageID="2088F337-E90B-4D69-9E5A-BDC38B69ED2B" linkType="ltPageLink" isApplyIncludePage="False" title="verification">
          <area shape="0" alt="" ID="{61BFA90E-0D44-4469-A87D-8571CA477809}" coords="(0,0,69,65)"/>
        </link>
      </links>
      <URL>07F870C86D1BCC65EDA626EFC6BB4FA4.png</URL>
    </control>
    <control controlID="B5186C0E-B2E5-4096-BAF0-0A73F5D0B193" controlTypeID="Label" x="14" y="147" w="81" h="19" zOrder="1">
      <font family="Segoe+UI" displayName="Segoe+UI" postScript="" weightStyle="Regular" weight="400" isBold="False" isItalic="False"/>
      <text>identification</text>
      <lineSpacing>0</lineSpacing>
      <selectedIndex>-1</selectedIndex>
    </control>
    <control controlID="7AE3EFC7-5D37-4776-8CBD-B3B744C50328" controlTypeID="Shape" x="0" y="18" w="360" h="52" zOrder="2">
      <color>4291585587</color>
      <font family="%E5%BE%AE%E8%BD%AF%E9%9B%85%E9%BB%91" displayName="%E5%BE%AE%E8%BD%AF%E9%9B%85%E9%BB%91" postScript="" weightStyle="Regular" weight="400" isBold="False" isItalic="False" useDefaultFontFamily="False"/>
      <selectedIndex>-1</selectedIndex>
      <dashMode>SdDash</dashMode>
      <borderMode>[bmRight,bmBottom]</borderMode>
      <radius>8</radius>
    </control>
    <control controlID="32405579-A6E6-4991-A92E-B3A1E30A4B41" controlTypeID="Label" x="81" y="22" w="213" h="38" zOrder="3">
      <font family="Segoe+UI" displayName="Segoe+UI+Bold+Italic" postScript="" weightStyle="Bold+Italic" weight="700" isBold="True" isItalic="True"/>
      <text>adminster+mode</text>
      <textColor>4294967295</textColor>
      <textSize>28</textSize>
      <lineSpacing>0</lineSpacing>
      <textStyles>[fsBold,fsItalic]</textStyles>
      <useDefaultTextSize>False</useDefaultTextSize>
      <selectedIndex>-1</selectedIndex>
    </control>
    <control controlID="87130E2A-20DE-47F5-ABCB-CA1F41C7F321" controlTypeID="Image" x="136" y="78" w="75" h="70" zOrder="4">
      <links eventType="AtClick" animate="AmNone" animateAutoDelay="0" animateDuration="500">
        <link targetPageID="5934DF4E-252D-414F-8706-FC9419D35E15" linkType="ltPageLink" isApplyIncludePage="False" title="grades">
          <area shape="0" alt="" ID="{C13EB885-AF27-40F2-8670-1A068C1D50E2}" coords="(0,0,75,70)"/>
        </link>
      </links>
      <URL>42321EE1301108AE742B140241CC5282.png</URL>
    </control>
    <control controlID="0CC0AA81-1C40-4751-A80E-E9896CD08315" controlTypeID="Label" x="153" y="148" w="42" h="19" zOrder="5">
      <font family="Segoe+UI" displayName="Segoe+UI" postScript="" weightStyle="Regular" weight="400" isBold="False" isItalic="False"/>
      <text>grades</text>
      <lineSpacing>0</lineSpacing>
      <selectedIndex>-1</selectedIndex>
    </control>
    <control controlID="FFF76B99-66B9-4E14-A216-E18CCAE485FA" controlTypeID="Image" x="257" y="81" w="70" h="69" zOrder="6">
      <links eventType="AtClick" animate="AmNone" animateAutoDelay="0" animateDuration="500">
        <link targetPageID="2E56A7C6-E623-4456-ACE0-FE5B5EF00208" linkType="ltPageLink" isApplyIncludePage="False" title="list">
          <area shape="0" alt="" ID="{C47D2C57-31D6-432C-B629-DD84EAEBD2E0}" coords="(0,0,70,69)"/>
        </link>
      </links>
      <URL>C3710EA69578B774E8DC3A30011FDCC5.png</URL>
    </control>
    <control controlID="8AD569DC-4F26-48E3-B9D1-5AFCF166F8D8" controlTypeID="Label" x="284" y="149" w="17" h="19" zOrder="7">
      <font family="Segoe+UI" displayName="Segoe+UI" postScript="" weightStyle="Regular" weight="400" isBold="False" isItalic="False"/>
      <text>list</text>
      <lineSpacing>0</lineSpacing>
      <selectedIndex>-1</selectedIndex>
    </control>
    <control controlID="9E95F2A5-F67F-4607-9579-A8763C43CB93" controlTypeID="Image" x="23" y="225" w="76" h="70" zOrder="8">
      <links eventType="AtClick" animate="AmNone" animateAutoDelay="0" animateDuration="500">
        <link targetPageID="A808D3A8-F5FE-4DC0-A295-9437A1BB1238" linkType="ltPageLink" isApplyIncludePage="False" title="leave">
          <area shape="0" alt="" ID="{A0D8F305-991D-462B-B40B-CB6B5035B172}" coords="(0,0,76,70)"/>
        </link>
      </links>
      <URL>3B903CA4F44283742296BE41F75F719E.png</URL>
    </control>
    <control controlID="EB0DFDFA-4042-4644-805A-9224A5D962E2" controlTypeID="Label" x="24" y="305" w="82" h="19" zOrder="9">
      <font family="Segoe+UI" displayName="Segoe+UI" postScript="" weightStyle="Regular" weight="400" isBold="False" isItalic="False"/>
      <text>management</text>
      <lineSpacing>0</lineSpacing>
      <selectedIndex>-1</selectedIndex>
    </control>
    <control controlID="D2920239-E210-4C6C-8735-02962EBCB9A3" controlTypeID="StatusBar(IOS)" x="0" y="-2" w="360" h="20" zOrder="10">
      <color>4291611852</color>
    </control>
    <control controlID="B7B68572-8F34-4823-81D2-437F9771E36D" controlTypeID="Icon" x="10" y="28" w="24" h="24" zOrder="11">
      <color>4294967295</color>
      <links eventType="AtClick" animate="AmNone" animateAutoDelay="0" animateDuration="500">
        <link targetPageID="7E5B4460-836E-44EF-AAFC-178D11FAFA9F" linkType="ltPageLink" isApplyIncludePage="False" title="Main">
          <area shape="0" alt="" ID="{6D8ED9D7-69E0-4917-A205-C99E3B50722F}" coords="(0,0,24,24)"/>
        </link>
      </links>
      <icon>
        <ID/>
        <iconFontName>jdIonicons</iconFontName>
        <iconCode>62154</iconCode>
      </icon>
      <URL>D95E480717200F895E41DB6E5B869596.svg</URL>
    </control>
  </controls>
  <param>
    <backgroundColor>4294967295</backgroundColor>
    <fontSize>0</fontSize>
    <fontFamily/>
    <guideLines/>
  </param>
</mockup>