﻿<mockup version="5.3" minAllowVersion="5.3" ID="2E56A7C6-E623-4456-ACE0-FE5B5EF00208" platform="MtMobile" defaultW="360" defaultH="640" measureW="360" measureH="640" screenOrientation="MoPortrait" mobileScreenScale="1.77777779102325">
  <controls controlCount="45">
    <control controlID="00DF38CF-6A7F-45E3-B02D-19B50F59B6FA" controlTypeID="ScrollView" x="0" y="72" w="360" h="550" zOrder="0">
      <borderVisible>False</borderVisible>
      <groupChildrenDescriptors>
        <control controlID="C8E3EBE4-78DF-4F31-93E4-2F10644F3E7B" controlTypeID="ScrollViewContentPanel" x="0" y="0" w="537" h="713" zOrder="0">
          <alias>contentPanel</alias>
          <groupChildrenDescriptors>
            <control controlID="142B71F2-C6A2-4913-9C48-A0C00D30B97D" controlTypeID="Line" x="1" y="634" w="376" h="1" zOrder="0">
              <color>4291611852</color>
              <font family="Arial" displayName="Arial" postScript="" weightStyle="Regular" weight="400" isBold="False" isItalic="False"/>
              <lineSpacing>0</lineSpacing>
              <selectedIndex>-1</selectedIndex>
              <controlPoint>(188,0)</controlPoint>
              <startPoint>(1,0)</startPoint>
              <endPoint>(376,0)</endPoint>
            </control>
            <control controlID="BDF24FF9-C701-4CE8-9BBE-0C2B997CB806" controlTypeID="Line" x="1" y="702" w="376" h="1" zOrder="1">
              <color>4291611852</color>
              <font family="Arial" displayName="Arial" postScript="" weightStyle="Regular" weight="400" isBold="False" isItalic="False"/>
              <lineSpacing>0</lineSpacing>
              <selectedIndex>-1</selectedIndex>
              <controlPoint>(188,0)</controlPoint>
              <startPoint>(1,0)</startPoint>
              <endPoint>(376,0)</endPoint>
            </control>
            <control controlID="25E0748F-41BE-433D-BD7A-820789179697" controlTypeID="__group__" x="0" y="24" w="376" h="50" zOrder="2">
              <groupChildrenDescriptors>
                <control controlID="BDE13B57-8A7F-4B78-8A8A-354661208A41" controlTypeID="__group__" x="10" y="0" w="36" h="39" zOrder="0">
                  <groupChildrenDescriptors>
                    <control controlID="E3F65B7C-7FD6-496D-BE7E-FD748EB67A6F" controlTypeID="Shape" x="0" y="0" w="36" h="39" zOrder="0">
                      <color>4294901886</color>
                      <borderVisible>False</borderVisible>
                      <font family="Arial" displayName="Arial" postScript="" weightStyle="Regular" weight="400" isBold="False" isItalic="False"/>
                      <selectedIndex>-1</selectedIndex>
                      <radius>2</radius>
                    </control>
                    <control controlID="8604D465-C57D-4D44-819B-F8AAAB9DE4D0" controlTypeID="Icon" x="8" y="10" w="18" h="18" zOrder="1">
                      <color>4294967295</color>
                      <icon>
                        <ID/>
                        <iconFontName>jdIonicons</iconFontName>
                        <iconCode>62366</iconCode>
                      </icon>
                      <URL>CB1D4BD70EFAF9D0D63B9D0659D62AAA.svg</URL>
                    </control>
                  </groupChildrenDescriptors>
                </control>
                <control controlID="B2DACC57-873F-4273-8496-1F00E7D7620C" controlTypeID="Line" x="0" y="49" w="376" h="1" zOrder="1">
                  <color>4291611852</color>
                  <font family="Arial" displayName="Arial" postScript="" weightStyle="Regular" weight="400" isBold="False" isItalic="False"/>
                  <lineSpacing>0</lineSpacing>
                  <selectedIndex>-1</selectedIndex>
                  <controlPoint>(188,0)</controlPoint>
                  <startPoint>(1,0)</startPoint>
                  <endPoint>(376,0)</endPoint>
                </control>
                <control controlID="937799FC-C24B-4606-AED1-5BBA07813624" controlTypeID="Label" x="61" y="12" w="72" h="23" zOrder="2">
                  <font family="Arial" displayName="Arial" postScript="" weightStyle="Regular" weight="400" isBold="False" isItalic="False"/>
                  <text>Group+1</text>
                  <textColor>4281545523</textColor>
                  <textSize>20</textSize>
                  <textVAlign>VaTop</textVAlign>
                  <lineSpacing>0</lineSpacing>
                  <useDefaultTextSize>False</useDefaultTextSize>
                  <selectedIndex>-1</selectedIndex>
                </control>
              </groupChildrenDescriptors>
            </control>
            <control controlID="2F11DD90-C121-4A9E-9566-03F88A5E2247" controlTypeID="Icon" x="12" y="586" w="24" h="24" zOrder="3">
              <color>4294901886</color>
              <icon>
                <ID/>
                <iconFontName>jdIcoFont</iconFontName>
                <iconCode>59171</iconCode>
              </icon>
              <URL>033060A4746B78F670C2398647EB85C1.svg</URL>
            </control>
            <control controlID="EF038351-DC64-4E34-BD8C-C3AFF5D0F292" controlTypeID="Icon" x="12" y="654" w="24" h="24" zOrder="4">
              <color>4294901886</color>
              <icon>
                <ID/>
                <iconFontName>jdIcoFont</iconFontName>
                <iconCode>59171</iconCode>
              </icon>
              <URL>033060A4746B78F670C2398647EB85C1.svg</URL>
            </control>
            <control controlID="DB7BD28F-6A41-40A4-BA1D-A58FCECCC9F2" controlTypeID="Label" x="45" y="581" w="10" h="17" zOrder="5">
              <font family="Arial" displayName="Arial" postScript="" weightStyle="Regular" weight="400" isBold="False" isItalic="False"/>
              <text>H</text>
              <textColor>4284900966</textColor>
              <textVAlign>VaTop</textVAlign>
              <lineSpacing>0</lineSpacing>
              <useDefaultTextSize>False</useDefaultTextSize>
              <selectedIndex>-1</selectedIndex>
            </control>
            <control controlID="92DB995C-8CE4-4A7C-88A1-C001C37FCAA2" controlTypeID="Label" x="45" y="649" w="4" h="17" zOrder="6">
              <font family="Arial" displayName="Arial" postScript="" weightStyle="Regular" weight="400" isBold="False" isItalic="False"/>
              <text>I</text>
              <textColor>4284900966</textColor>
              <textVAlign>VaTop</textVAlign>
              <lineSpacing>0</lineSpacing>
              <useDefaultTextSize>False</useDefaultTextSize>
              <selectedIndex>-1</selectedIndex>
            </control>
            <control controlID="D052939E-66E6-48A9-88D7-BCEDA1189DA3" controlTypeID="__group__" x="1" y="91" w="376" h="54" zOrder="7">
              <groupChildrenDescriptors>
                <control controlID="9B45C4B1-8034-4188-BB84-58F6CC022913" controlTypeID="Line" x="0" y="53" w="376" h="1" zOrder="0">
                  <color>4291611852</color>
                  <font family="Arial" displayName="Arial" postScript="" weightStyle="Regular" weight="400" isBold="False" isItalic="False"/>
                  <lineSpacing>0</lineSpacing>
                  <selectedIndex>-1</selectedIndex>
                  <controlPoint>(188,0)</controlPoint>
                  <startPoint>(1,0)</startPoint>
                  <endPoint>(376,0)</endPoint>
                </control>
                <control controlID="2ABE287E-F4BC-4AB1-BBDC-0D2729FCD6CE" controlTypeID="Icon" x="11" y="5" w="24" h="24" zOrder="1">
                  <color>4294901886</color>
                  <icon>
                    <ID/>
                    <iconFontName>jdIonicons</iconFontName>
                    <iconCode>62368</iconCode>
                  </icon>
                  <URL>B91434690C5B5224D1CC6B1998F1178A.svg</URL>
                </control>
                <control controlID="6D9AA33F-045E-4272-97EC-D3D629438670" controlTypeID="Label" x="44" y="0" w="9" h="17" zOrder="2">
                  <font family="Arial" displayName="Arial" postScript="" weightStyle="Regular" weight="400" isBold="False" isItalic="False"/>
                  <text>A</text>
                  <textColor>4284900966</textColor>
                  <textVAlign>VaTop</textVAlign>
                  <lineSpacing>0</lineSpacing>
                  <useDefaultTextSize>False</useDefaultTextSize>
                  <selectedIndex>-1</selectedIndex>
                </control>
              </groupChildrenDescriptors>
            </control>
            <control controlID="E4F44EE7-E630-4C42-8710-59448D1E8E6C" controlTypeID="__group__" x="1" y="167" w="376" h="54" zOrder="8">
              <groupChildrenDescriptors>
                <control controlID="9CC5D662-AB08-476B-BFCA-5C7FE1D2AD10" controlTypeID="Line" x="0" y="53" w="376" h="1" zOrder="0">
                  <color>4291611852</color>
                  <font family="Arial" displayName="Arial" postScript="" weightStyle="Regular" weight="400" isBold="False" isItalic="False"/>
                  <lineSpacing>0</lineSpacing>
                  <selectedIndex>-1</selectedIndex>
                  <controlPoint>(188,0)</controlPoint>
                  <startPoint>(1,0)</startPoint>
                  <endPoint>(376,0)</endPoint>
                </control>
                <control controlID="999EFCB7-CD50-41EE-B38E-1965FCF2CF6B" controlTypeID="Icon" x="11" y="5" w="24" h="24" zOrder="1">
                  <color>4294901886</color>
                  <icon>
                    <ID/>
                    <iconFontName>jdIonicons</iconFontName>
                    <iconCode>62368</iconCode>
                  </icon>
                  <URL>B91434690C5B5224D1CC6B1998F1178A.svg</URL>
                </control>
                <control controlID="E5866C5F-466E-4484-9C78-F90DBE3510CA" controlTypeID="Label" x="44" y="0" w="9" h="17" zOrder="2">
                  <font family="Arial" displayName="Arial" postScript="" weightStyle="Regular" weight="400" isBold="False" isItalic="False"/>
                  <text>B</text>
                  <textColor>4284900966</textColor>
                  <textVAlign>VaTop</textVAlign>
                  <lineSpacing>0</lineSpacing>
                  <useDefaultTextSize>False</useDefaultTextSize>
                  <selectedIndex>-1</selectedIndex>
                </control>
              </groupChildrenDescriptors>
            </control>
            <control controlID="8353029B-540C-47C5-B5E4-29F6AD818357" controlTypeID="__group__" x="1" y="230" w="376" h="54" zOrder="9">
              <groupChildrenDescriptors>
                <control controlID="E80D4B0E-06D1-4DA8-A8B2-BCC488BB7061" controlTypeID="Line" x="0" y="53" w="376" h="1" zOrder="0">
                  <color>4291611852</color>
                  <font family="Arial" displayName="Arial" postScript="" weightStyle="Regular" weight="400" isBold="False" isItalic="False"/>
                  <lineSpacing>0</lineSpacing>
                  <selectedIndex>-1</selectedIndex>
                  <controlPoint>(188,0)</controlPoint>
                  <startPoint>(1,0)</startPoint>
                  <endPoint>(376,0)</endPoint>
                </control>
                <control controlID="9380C5BD-773F-4CF9-81D2-516C24A5AE3E" controlTypeID="Icon" x="11" y="5" w="24" h="24" zOrder="1">
                  <color>4294901886</color>
                  <icon>
                    <ID/>
                    <iconFontName>jdIonicons</iconFontName>
                    <iconCode>62368</iconCode>
                  </icon>
                  <URL>B91434690C5B5224D1CC6B1998F1178A.svg</URL>
                </control>
                <control controlID="F30FD4E5-35A1-464D-BFCE-E309CD45280F" controlTypeID="Label" x="44" y="0" w="10" h="17" zOrder="2">
                  <font family="Arial" displayName="Arial" postScript="" weightStyle="Regular" weight="400" isBold="False" isItalic="False"/>
                  <text>C</text>
                  <textColor>4284900966</textColor>
                  <textVAlign>VaTop</textVAlign>
                  <lineSpacing>0</lineSpacing>
                  <useDefaultTextSize>False</useDefaultTextSize>
                  <selectedIndex>-1</selectedIndex>
                </control>
              </groupChildrenDescriptors>
            </control>
            <control controlID="C215E609-7AA1-4347-AA75-4F91F6B2E13B" controlTypeID="__group__" x="1" y="303" w="376" h="54" zOrder="10">
              <groupChildrenDescriptors>
                <control controlID="F3DC74CE-3CA8-4B5F-B580-345029F17C91" controlTypeID="Line" x="0" y="53" w="376" h="1" zOrder="0">
                  <color>4291611852</color>
                  <font family="Arial" displayName="Arial" postScript="" weightStyle="Regular" weight="400" isBold="False" isItalic="False"/>
                  <lineSpacing>0</lineSpacing>
                  <selectedIndex>-1</selectedIndex>
                  <controlPoint>(188,0)</controlPoint>
                  <startPoint>(1,0)</startPoint>
                  <endPoint>(376,0)</endPoint>
                </control>
                <control controlID="EB036A5C-E58F-471A-83C6-805C051CDE6A" controlTypeID="Icon" x="11" y="5" w="24" h="24" zOrder="1">
                  <color>4294901886</color>
                  <icon>
                    <ID/>
                    <iconFontName>jdIonicons</iconFontName>
                    <iconCode>62368</iconCode>
                  </icon>
                  <URL>B91434690C5B5224D1CC6B1998F1178A.svg</URL>
                </control>
                <control controlID="5E6CC494-A962-47F2-BE88-D8F2BED7626C" controlTypeID="Label" x="44" y="0" w="10" h="17" zOrder="2">
                  <font family="Arial" displayName="Arial" postScript="" weightStyle="Regular" weight="400" isBold="False" isItalic="False"/>
                  <text>D</text>
                  <textColor>4284900966</textColor>
                  <textVAlign>VaTop</textVAlign>
                  <lineSpacing>0</lineSpacing>
                  <useDefaultTextSize>False</useDefaultTextSize>
                  <selectedIndex>-1</selectedIndex>
                </control>
              </groupChildrenDescriptors>
            </control>
            <control controlID="3017BC96-365F-45E8-8091-EB6078086A03" controlTypeID="__group__" x="1" y="371" w="376" h="54" zOrder="11">
              <groupChildrenDescriptors>
                <control controlID="44C5D184-422E-4FE4-9CD0-03E8FF0803A1" controlTypeID="Line" x="0" y="53" w="376" h="1" zOrder="0">
                  <color>4291611852</color>
                  <font family="Arial" displayName="Arial" postScript="" weightStyle="Regular" weight="400" isBold="False" isItalic="False"/>
                  <lineSpacing>0</lineSpacing>
                  <selectedIndex>-1</selectedIndex>
                  <controlPoint>(188,0)</controlPoint>
                  <startPoint>(1,0)</startPoint>
                  <endPoint>(376,0)</endPoint>
                </control>
                <control controlID="4A37C56E-D121-45DF-9DE5-31FE5D8B54C7" controlTypeID="Icon" x="11" y="5" w="24" h="24" zOrder="1">
                  <color>4294901886</color>
                  <icon>
                    <ID/>
                    <iconFontName>jdIonicons</iconFontName>
                    <iconCode>62368</iconCode>
                  </icon>
                  <URL>B91434690C5B5224D1CC6B1998F1178A.svg</URL>
                </control>
                <control controlID="75A65A7D-9008-413B-8AD0-7DFB958FB2B1" controlTypeID="Label" x="44" y="0" w="9" h="17" zOrder="2">
                  <font family="Arial" displayName="Arial" postScript="" weightStyle="Regular" weight="400" isBold="False" isItalic="False"/>
                  <text>E</text>
                  <textColor>4284900966</textColor>
                  <textVAlign>VaTop</textVAlign>
                  <lineSpacing>0</lineSpacing>
                  <useDefaultTextSize>False</useDefaultTextSize>
                  <selectedIndex>-1</selectedIndex>
                </control>
              </groupChildrenDescriptors>
            </control>
            <control controlID="8541C867-C4B5-40CA-9889-828720E810CA" controlTypeID="Line" x="0" y="493" w="376" h="1" zOrder="12">
              <color>4291611852</color>
              <font family="Arial" displayName="Arial" postScript="" weightStyle="Regular" weight="400" isBold="False" isItalic="False"/>
              <lineSpacing>0</lineSpacing>
              <selectedIndex>-1</selectedIndex>
              <controlPoint>(188,0)</controlPoint>
              <startPoint>(1,0)</startPoint>
              <endPoint>(376,0)</endPoint>
            </control>
            <control controlID="959C44AA-9D61-4A09-8778-4553621FCBA6" controlTypeID="Line" x="1" y="563" w="376" h="1" zOrder="13">
              <color>4291611852</color>
              <font family="Arial" displayName="Arial" postScript="" weightStyle="Regular" weight="400" isBold="False" isItalic="False"/>
              <lineSpacing>0</lineSpacing>
              <selectedIndex>-1</selectedIndex>
              <controlPoint>(188,0)</controlPoint>
              <startPoint>(1,0)</startPoint>
              <endPoint>(376,0)</endPoint>
            </control>
            <control controlID="EC2BD712-98CF-43F9-BABF-065EC70A4F93" controlTypeID="Icon" x="11" y="445" w="24" h="24" zOrder="14">
              <color>4294901886</color>
              <icon>
                <ID/>
                <iconFontName>jdIonicons</iconFontName>
                <iconCode>62368</iconCode>
              </icon>
              <URL>B91434690C5B5224D1CC6B1998F1178A.svg</URL>
            </control>
            <control controlID="EFC58CB5-4679-47A8-BE43-8747F8A27B5A" controlTypeID="Icon" x="12" y="515" w="24" h="24" zOrder="15">
              <color>4294901886</color>
              <icon>
                <ID/>
                <iconFontName>jdIonicons</iconFontName>
                <iconCode>62368</iconCode>
              </icon>
              <URL>B91434690C5B5224D1CC6B1998F1178A.svg</URL>
            </control>
            <control controlID="AD2A048C-5FCC-40E4-87BF-45115471A05B" controlTypeID="Label" x="44" y="440" w="9" h="17" zOrder="16">
              <font family="Arial" displayName="Arial" postScript="" weightStyle="Regular" weight="400" isBold="False" isItalic="False"/>
              <text>F</text>
              <textColor>4284900966</textColor>
              <textVAlign>VaTop</textVAlign>
              <lineSpacing>0</lineSpacing>
              <useDefaultTextSize>False</useDefaultTextSize>
              <selectedIndex>-1</selectedIndex>
            </control>
            <control controlID="3F400C06-86AF-457B-A597-19C5A290873F" controlTypeID="Label" x="45" y="510" w="11" h="17" zOrder="17">
              <font family="Arial" displayName="Arial" postScript="" weightStyle="Regular" weight="400" isBold="False" isItalic="False"/>
              <text>G</text>
              <textColor>4284900966</textColor>
              <textVAlign>VaTop</textVAlign>
              <lineSpacing>0</lineSpacing>
              <useDefaultTextSize>False</useDefaultTextSize>
              <selectedIndex>-1</selectedIndex>
            </control>
          </groupChildrenDescriptors>
        </control>
        <control controlID="285424D1-00AF-48CF-8AE7-441A2BEE21C0" controlTypeID="Border" x="0" y="0" w="360" h="550" zOrder="1">
          <color>4284900966</color>
          <borderColor>4278190080</borderColor>
          <borderVisible>False</borderVisible>
          <alias>borderLayer</alias>
        </control>
      </groupChildrenDescriptors>
    </control>
    <control controlID="BFF2635F-4EDF-4F61-8555-4D0BD21EB47E" controlTypeID="StatusBar(IOS)" x="0" y="0" w="360" h="20" zOrder="1">
      <color>4291611852</color>
    </control>
    <control controlID="98495459-99AB-43BA-BF0F-9F80AFB3992E" controlTypeID="Shape" x="0" y="20" w="360" h="52" zOrder="2">
      <color>4291585587</color>
      <font family="%E5%BE%AE%E8%BD%AF%E9%9B%85%E9%BB%91" displayName="%E5%BE%AE%E8%BD%AF%E9%9B%85%E9%BB%91" postScript="" weightStyle="Regular" weight="400" isBold="False" isItalic="False" useDefaultFontFamily="False"/>
      <selectedIndex>-1</selectedIndex>
      <dashMode>SdDash</dashMode>
      <borderMode>[bmRight,bmBottom]</borderMode>
      <radius>8</radius>
    </control>
    <control controlID="FE696583-16ED-4D76-92C0-2CB08A413CC0" controlTypeID="Label" x="109" y="27" w="135" h="38" zOrder="3">
      <font family="Segoe+UI" displayName="Segoe+UI+Bold+Italic" postScript="" weightStyle="Bold+Italic" weight="700" isBold="True" isItalic="True"/>
      <text>Group+List</text>
      <textColor>4294967295</textColor>
      <textSize>28</textSize>
      <lineSpacing>0</lineSpacing>
      <textStyles>[fsBold,fsItalic]</textStyles>
      <useDefaultTextSize>False</useDefaultTextSize>
      <selectedIndex>-1</selectedIndex>
    </control>
    <control controlID="B290AC68-A8BE-46CD-83A7-6E60E665BC9B" controlTypeID="Icon" x="10" y="34" w="24" h="24" zOrder="4">
      <color>4294967295</color>
      <links eventType="AtClick" animate="AmNone" animateAutoDelay="0" animateDuration="500">
        <link targetPageID="255610E3-1F4B-4946-A81D-D50ED3AE2BA2" linkType="ltPageLink" isApplyIncludePage="False" title="admin">
          <area shape="0" alt="" ID="{6D8ED9D7-69E0-4917-A205-C99E3B50722F}" coords="(0,0,24,24)"/>
        </link>
      </links>
      <icon>
        <ID/>
        <iconFontName>jdIonicons</iconFontName>
        <iconCode>62154</iconCode>
      </icon>
      <URL>D95E480717200F895E41DB6E5B869596.svg</URL>
    </control>
  </controls>
  <param>
    <backgroundColor>4294967295</backgroundColor>
    <fontSize>0</fontSize>
    <fontFamily/>
    <guideLines/>
  </param>
</mockup>