﻿<mockup version="5.3" minAllowVersion="5.3" ID="328505DE-FD08-44CE-812D-E979835F59CD" platform="MtMobile" defaultW="360" defaultH="640" measureW="360" measureH="640" screenOrientation="MoPortrait" mobileScreenScale="1.77777779102325" clipArea="(0,0,0,0)">
  <controls controlCount="12">
    <control controlID="88DA2DEF-E40E-4839-8930-085F8EDB577F" controlTypeID="Image" x="17" y="84" w="69" h="65" zOrder="0">
      <links eventType="AtClick" animate="AmNone" animateAutoDelay="0" animateDuration="500">
        <link targetPageID="DC64E2F4-4646-460F-9BF4-F5AE530E3283" linkType="ltPageLink" isApplyIncludePage="False" title="verification">
          <area shape="0" alt="" ID="{F9B96B2C-1193-40CD-9980-F6ED48A64428}" coords="(0,0,69,65)"/>
        </link>
      </links>
      <URL>07F870C86D1BCC65EDA626EFC6BB4FA4.png</URL>
    </control>
    <control controlID="B5186C0E-B2E5-4096-BAF0-0A73F5D0B193" controlTypeID="Label" x="15" y="158" w="81" h="19" zOrder="1">
      <font family="Segoe+UI" displayName="Segoe+UI" postScript="" weightStyle="Regular" weight="400" isBold="False" isItalic="False"/>
      <text>identification</text>
      <lineSpacing>0</lineSpacing>
      <selectedIndex>-1</selectedIndex>
    </control>
    <control controlID="7AE3EFC7-5D37-4776-8CBD-B3B744C50328" controlTypeID="Shape" x="0" y="20" w="360" h="52" zOrder="2">
      <color>4291585587</color>
      <font family="%E5%BE%AE%E8%BD%AF%E9%9B%85%E9%BB%91" displayName="%E5%BE%AE%E8%BD%AF%E9%9B%85%E9%BB%91" postScript="" weightStyle="Regular" weight="400" isBold="False" isItalic="False" useDefaultFontFamily="False"/>
      <selectedIndex>-1</selectedIndex>
      <dashMode>SdDash</dashMode>
      <borderMode>[bmRight,bmBottom]</borderMode>
      <radius>8</radius>
    </control>
    <control controlID="32405579-A6E6-4991-A92E-B3A1E30A4B41" controlTypeID="Label" x="84" y="27" w="178" h="38" zOrder="3">
      <font family="Segoe+UI" displayName="Segoe+UI+Bold+Italic" postScript="" weightStyle="Bold+Italic" weight="700" isBold="True" isItalic="True"/>
      <text>teacher+mode</text>
      <textColor>4294967295</textColor>
      <textSize>28</textSize>
      <lineSpacing>0</lineSpacing>
      <textStyles>[fsBold,fsItalic]</textStyles>
      <useDefaultTextSize>False</useDefaultTextSize>
      <selectedIndex>-1</selectedIndex>
    </control>
    <control controlID="87130E2A-20DE-47F5-ABCB-CA1F41C7F321" controlTypeID="Image" x="136" y="82" w="75" h="70" zOrder="4">
      <links eventType="AtClick" animate="AmNone" animateAutoDelay="0" animateDuration="500">
        <link targetPageID="6A0B911B-F72D-4D4B-814D-20FDB02875D8" linkType="ltPageLink" isApplyIncludePage="False" title="grades">
          <area shape="0" alt="" ID="{9EEFAAEE-187B-4659-8417-595E839CD6B6}" coords="(0,0,75,70)"/>
        </link>
      </links>
      <URL>42321EE1301108AE742B140241CC5282.png</URL>
    </control>
    <control controlID="0CC0AA81-1C40-4751-A80E-E9896CD08315" controlTypeID="Label" x="153" y="157" w="42" h="19" zOrder="5">
      <font family="Segoe+UI" displayName="Segoe+UI" postScript="" weightStyle="Regular" weight="400" isBold="False" isItalic="False"/>
      <text>grades</text>
      <lineSpacing>0</lineSpacing>
      <selectedIndex>-1</selectedIndex>
    </control>
    <control controlID="9E95F2A5-F67F-4607-9579-A8763C43CB93" controlTypeID="Image" x="20" y="225" w="76" h="70" zOrder="6">
      <links eventType="AtClick" animate="AmNone" animateAutoDelay="0" animateDuration="500">
        <link targetPageID="13650698-B7B9-470F-BF33-1F12211470F9" linkType="ltPageLink" isApplyIncludePage="False" title="leave">
          <area shape="0" alt="" ID="{756B713E-F87C-43C7-BD96-6B37B05F2D93}" coords="(0,0,76,70)"/>
        </link>
      </links>
      <URL>3B903CA4F44283742296BE41F75F719E.png</URL>
    </control>
    <control controlID="EB0DFDFA-4042-4644-805A-9224A5D962E2" controlTypeID="Label" x="17" y="305" w="82" h="19" zOrder="7">
      <font family="Segoe+UI" displayName="Segoe+UI" postScript="" weightStyle="Regular" weight="400" isBold="False" isItalic="False"/>
      <text>management</text>
      <lineSpacing>0</lineSpacing>
      <selectedIndex>-1</selectedIndex>
    </control>
    <control controlID="6222C6C4-F355-4622-A613-7B002254B190" controlTypeID="Image" x="258" y="84" w="75" h="65" zOrder="8">
      <links eventType="AtClick" animate="AmNone" animateAutoDelay="0" animateDuration="500">
        <link targetPageID="9F22FBC7-5DF4-43BF-A972-5740FC75B725" linkType="ltPageLink" isApplyIncludePage="False" title="roll">
          <area shape="0" alt="" ID="{C3EAB70F-F193-4529-A1D7-CF24096DDCBC}" coords="(0,0,75,65)"/>
        </link>
      </links>
      <URL>14D8985A35CEF866B2424BF1C4C752DB.png</URL>
    </control>
    <control controlID="D7BB9B3A-B005-4664-BC92-F17411FFACE8" controlTypeID="Label" x="274" y="159" w="44" h="19" zOrder="9">
      <font family="Segoe+UI" displayName="Segoe+UI" postScript="" weightStyle="Regular" weight="400" isBold="False" isItalic="False"/>
      <text>roll+call</text>
      <lineSpacing>0</lineSpacing>
      <selectedIndex>-1</selectedIndex>
    </control>
    <control controlID="EE63820F-1F6B-42E3-832A-396A71C45867" controlTypeID="StatusBar(IOS)" x="0" y="0" w="360" h="20" zOrder="10">
      <color>4291611852</color>
    </control>
    <control controlID="D7D45378-E83B-4552-AD73-EAA4C265C8CC" controlTypeID="Icon" x="10" y="34" w="24" h="24" zOrder="11">
      <color>4294967295</color>
      <links eventType="AtClick" animate="AmNone" animateAutoDelay="0" animateDuration="500">
        <link targetPageID="7E5B4460-836E-44EF-AAFC-178D11FAFA9F" linkType="ltPageLink" isApplyIncludePage="False" title="Main">
          <area shape="0" alt="" ID="{6D8ED9D7-69E0-4917-A205-C99E3B50722F}" coords="(0,0,24,24)"/>
        </link>
      </links>
      <icon>
        <ID/>
        <iconFontName>jdIonicons</iconFontName>
        <iconCode>62154</iconCode>
      </icon>
      <URL>D95E480717200F895E41DB6E5B869596.svg</URL>
    </control>
  </controls>
  <param>
    <backgroundColor>4294967295</backgroundColor>
    <fontSize>0</fontSize>
    <fontFamily/>
    <guideLines/>
  </param>
</mockup>