﻿<mockup version="5.3" minAllowVersion="5.3" ID="54E3054A-907A-48D8-A1E5-306F804ABC20" platform="MtMobile" defaultW="360" defaultH="640" measureW="360" measureH="640" screenOrientation="MoPortrait" mobileScreenScale="1.77777779102325">
  <controls controlCount="8">
    <control controlID="4BB58C39-44C4-4A8D-90F1-6F6C841E2936" controlTypeID="StatusBar(IOS)" x="0" y="0" w="360" h="20" zOrder="0">
      <color>4291611852</color>
    </control>
    <control controlID="12CFA5C9-58AB-4E7F-9EE2-3A93743FECD1" controlTypeID="Image" x="36" y="344" w="64" h="59" zOrder="1">
      <URL>488579C222A7810A5848292CE6AA70F7.png</URL>
    </control>
    <control controlID="327713C2-A403-4C8A-8E0F-84639487B82E" controlTypeID="Image" x="15" y="88" w="59" h="58" zOrder="2">
      <URL>87CB8E0AC9DD62BB4CA3784F38AF9B7D.png</URL>
    </control>
    <control controlID="49DAEA42-EF20-434A-BB1A-8873F85EDE29" controlTypeID="Image" x="23" y="236" w="60" h="57" zOrder="3">
      <URL>0A0B65EB118D4BE7755AB34CBB05B337.png</URL>
    </control>
    <control controlID="066F7700-9D09-4818-B92A-BD9A7F83A017" controlTypeID="__group__" x="-8" y="33" w="376" h="50" zOrder="4">
      <groupChildrenDescriptors>
        <control controlID="138AA360-DE60-43E9-937D-0CE25A39A771" controlTypeID="Icon" x="18" y="0" w="18" h="18" zOrder="0">
          <color>4294967295</color>
          <icon>
            <ID/>
            <iconFontName>jdIonicons</iconFontName>
            <iconCode>62366</iconCode>
          </icon>
          <URL>CB1D4BD70EFAF9D0D63B9D0659D62AAA.svg</URL>
        </control>
        <control controlID="FB752801-A282-4BB8-A3C7-6EB0388E0514" controlTypeID="Line" x="0" y="49" w="376" h="1" zOrder="1">
          <color>4291611852</color>
          <font family="Arial" displayName="Arial" postScript="" weightStyle="Regular" weight="400" isBold="False" isItalic="False"/>
          <lineSpacing>0</lineSpacing>
          <selectedIndex>-1</selectedIndex>
          <controlPoint>(188,0)</controlPoint>
          <startPoint>(1,0)</startPoint>
          <endPoint>(376,0)</endPoint>
        </control>
        <control controlID="B75ECE17-CACB-4A54-85DB-ED883858EE82" controlTypeID="Label" x="93" y="16" w="72" h="23" zOrder="2">
          <font family="Arial" displayName="Arial" postScript="" weightStyle="Regular" weight="400" isBold="False" isItalic="False"/>
          <text>Group+1</text>
          <textColor>4281545523</textColor>
          <textSize>20</textSize>
          <textVAlign>VaTop</textVAlign>
          <lineSpacing>0</lineSpacing>
          <useDefaultTextSize>False</useDefaultTextSize>
          <selectedIndex>-1</selectedIndex>
        </control>
      </groupChildrenDescriptors>
    </control>
  </controls>
  <param>
    <backgroundColor>4294967295</backgroundColor>
    <fontSize>0</fontSize>
    <fontFamily/>
    <guideLines/>
  </param>
</mockup>