﻿<mockup version="5.3" minAllowVersion="5.3" ID="5934DF4E-252D-414F-8706-FC9419D35E15" platform="MtMobile" defaultW="360" defaultH="640" measureW="360" measureH="640" screenOrientation="MoPortrait" mobileScreenScale="1.77777779102325">
  <controls controlCount="7">
    <control controlID="FB2C7B3A-0776-400C-8760-6E0D123B474B" controlTypeID="Shape" x="33" y="140" w="294" h="44" zOrder="0">
      <color>4291559475</color>
      <borderVisible>False</borderVisible>
      <font family="Arial" displayName="Arial" postScript="" weightStyle="Regular" weight="400" isBold="False" isItalic="False"/>
      <text>assignment+name</text>
      <textColor>4294967295</textColor>
      <textSize>14</textSize>
      <selectedIndex>-1</selectedIndex>
      <radius>4</radius>
    </control>
    <control controlID="49B6AA47-5C5C-4794-A546-E520EA7C176D" controlTypeID="Shape" x="33" y="319" w="294" h="44" zOrder="1">
      <color>4281545523</color>
      <borderVisible>False</borderVisible>
      <font family="Arial" displayName="Arial" postScript="" weightStyle="Regular" weight="400" isBold="False" isItalic="False"/>
      <text>mark</text>
      <textColor>4294967295</textColor>
      <textSize>14</textSize>
      <selectedIndex>-1</selectedIndex>
      <radius>4</radius>
    </control>
    <control controlID="4A9F5ACE-EA98-4FE8-B0B8-D9BE23DBEADE" controlTypeID="Shape" x="32" y="230" w="295" h="44" zOrder="2">
      <color>4293980400</color>
      <borderColor>4293980400</borderColor>
      <borderVisible>False</borderVisible>
      <font family="Arial" displayName="Arial" postScript="" weightStyle="Regular" weight="400" isBold="False" isItalic="False"/>
      <text>verification+code</text>
      <textColor>4293980400</textColor>
      <textSize>14</textSize>
      <selectedIndex>-1</selectedIndex>
      <radius>4</radius>
    </control>
    <control controlID="30E2E507-9545-426F-B68D-7265107F11BF" controlTypeID="TextInput" x="40" y="232" w="281" h="39" zOrder="3">
      <color>16777215</color>
      <borderColor>6710886</borderColor>
      <font family="Arial" displayName="Arial" postScript="" weightStyle="Regular" weight="400" isBold="False" isItalic="False"/>
      <text>grade</text>
      <textColor>4288256409</textColor>
      <lineSpacing>0</lineSpacing>
      <selectedIndex>-1</selectedIndex>
    </control>
    <control controlID="D49AEEE1-0A7C-4A01-BE34-5EB252AD10F4" controlTypeID="StatusBar(IOS)" x="0" y="0" w="360" h="20" zOrder="4">
      <color>4291611852</color>
    </control>
    <control controlID="E4F0F246-9CE3-4DDD-8789-561116E3D018" controlTypeID="Shape" x="0" y="20" w="360" h="52" zOrder="5">
      <color>4291585587</color>
      <font family="%E5%BE%AE%E8%BD%AF%E9%9B%85%E9%BB%91" displayName="%E5%BE%AE%E8%BD%AF%E9%9B%85%E9%BB%91" postScript="" weightStyle="Regular" weight="400" isBold="False" isItalic="False" useDefaultFontFamily="False"/>
      <selectedIndex>-1</selectedIndex>
      <dashMode>SdDash</dashMode>
      <borderMode>[bmRight,bmBottom]</borderMode>
      <radius>8</radius>
    </control>
    <control controlID="F929609D-9394-40E5-8865-0D2AA93A111D" controlTypeID="Icon" x="10" y="34" w="24" h="24" zOrder="6">
      <color>4294967295</color>
      <links eventType="AtClick" animate="AmNone" animateAutoDelay="0" animateDuration="500">
        <link targetPageID="255610E3-1F4B-4946-A81D-D50ED3AE2BA2" linkType="ltPageLink" isApplyIncludePage="False" title="admin">
          <area shape="0" alt="" ID="{6D8ED9D7-69E0-4917-A205-C99E3B50722F}" coords="(0,0,24,24)"/>
        </link>
      </links>
      <icon>
        <ID/>
        <iconFontName>jdIonicons</iconFontName>
        <iconCode>62154</iconCode>
      </icon>
      <URL>D95E480717200F895E41DB6E5B869596.svg</URL>
    </control>
  </controls>
  <param>
    <backgroundColor>4294967295</backgroundColor>
    <fontSize>0</fontSize>
    <fontFamily/>
    <guideLines/>
  </param>
</mockup>