﻿<mockup version="5.3" minAllowVersion="5.3" ID="59E41FE5-A03E-414F-A5D5-AC063FE65D2A" platform="MtMobile" defaultW="360" defaultH="640" measureW="360" measureH="640" screenOrientation="MoPortrait" mobileScreenScale="1.77777779102325" clipArea="(0,0,0,0)">
  <controls controlCount="14">
    <control controlID="33723267-CD51-4969-B153-08D30AA9DD50" controlTypeID="Label" x="20" y="154" w="92" h="22" zOrder="0">
      <font family="Segoe+UI" displayName="Segoe+UI" postScript="" weightStyle="Regular" weight="400" isBold="False" isItalic="False"/>
      <text>identification</text>
      <textSize>16</textSize>
      <lineSpacing>0</lineSpacing>
      <useDefaultTextSize>False</useDefaultTextSize>
      <selectedIndex>-1</selectedIndex>
    </control>
    <control controlID="FC5346AB-CF40-41AD-82E9-59D2AE60EA4A" controlTypeID="Label" x="152" y="155" w="46" h="22" zOrder="1">
      <font family="Segoe+UI" displayName="Segoe+UI" postScript="" weightStyle="Regular" weight="400" isBold="False" isItalic="False"/>
      <text>sign+in</text>
      <textSize>16</textSize>
      <lineSpacing>0</lineSpacing>
      <useDefaultTextSize>False</useDefaultTextSize>
      <selectedIndex>-1</selectedIndex>
    </control>
    <control controlID="9E05CF2B-C8D2-47D0-BFAC-BAF949F327DD" controlTypeID="Label" x="275" y="157" w="48" h="22" zOrder="2">
      <font family="Segoe+UI" displayName="Segoe+UI" postScript="" weightStyle="Regular" weight="400" isBold="False" isItalic="False"/>
      <text>history</text>
      <textSize>16</textSize>
      <lineSpacing>0</lineSpacing>
      <useDefaultTextSize>False</useDefaultTextSize>
      <selectedIndex>-1</selectedIndex>
    </control>
    <control controlID="F6FFD69E-25B5-4C36-9A35-E83D60B8A7AE" controlTypeID="Label" x="36" y="280" w="60" h="22" zOrder="3">
      <font family="Segoe+UI" displayName="Segoe+UI" postScript="" weightStyle="Regular" weight="400" isBold="False" isItalic="False"/>
      <text>calendar</text>
      <textSize>16</textSize>
      <lineSpacing>0</lineSpacing>
      <useDefaultTextSize>False</useDefaultTextSize>
      <selectedIndex>-1</selectedIndex>
    </control>
    <control controlID="6A01EF9E-7C0C-46E0-BAB3-6D46B24EC57E" controlTypeID="Label" x="162" y="280" w="36" h="22" zOrder="4">
      <font family="Segoe+UI" displayName="Segoe+UI" postScript="" weightStyle="Regular" weight="400" isBold="False" isItalic="False"/>
      <text>leave</text>
      <textSize>16</textSize>
      <lineSpacing>0</lineSpacing>
      <useDefaultTextSize>False</useDefaultTextSize>
      <selectedIndex>-1</selectedIndex>
    </control>
    <control controlID="A1ED9258-D41C-4C8E-9DCF-22AD5ED9A58B" controlTypeID="Image" x="27" y="89" w="69" h="65" zOrder="5">
      <links eventType="AtClick" animate="AmNone" animateAutoDelay="0" animateDuration="500">
        <link targetPageID="AAA6DCEA-BB58-4CA5-B18E-7EC1136B4B2B" linkType="ltPageLink" isApplyIncludePage="False" title="verification">
          <area shape="0" alt="" ID="{2883ACBF-32C0-4F2B-93FA-B8A69FB8B0B1}" coords="(0,0,69,65)"/>
        </link>
      </links>
      <URL>07F870C86D1BCC65EDA626EFC6BB4FA4.png</URL>
    </control>
    <control controlID="118A4FB7-B6E2-43BD-8357-95913CEE8813" controlTypeID="Image" x="142" y="90" w="75" h="65" zOrder="6">
      <links eventType="AtClick" animate="AmNone" animateAutoDelay="0" animateDuration="500">
        <link targetPageID="36F42137-85C7-4420-AFD7-017EC0631450" linkType="ltPageLink" isApplyIncludePage="False" title="sign+up">
          <area shape="0" alt="" ID="{5D950C38-B631-4269-9214-5331BF704788}" coords="(0,0,75,65)"/>
        </link>
      </links>
      <URL>EF45008211B8E8FA31289FBE0C48D34F.png</URL>
    </control>
    <control controlID="41D36BEF-92A4-415F-B151-3BB8CC2DF367" controlTypeID="Image" x="259" y="88" w="72" h="69" zOrder="7">
      <URL>1806862F5D34BF16C13B2713D74C92D2.png</URL>
    </control>
    <control controlID="5DFC3351-B388-4CCF-BE5D-44ADEB0DE6B0" controlTypeID="Image" x="28" y="205" w="72" h="72" zOrder="8">
      <URL>7807C96A6C8FF935AC0D1A536DBAEA3A.png</URL>
    </control>
    <control controlID="B446C547-4747-415D-89FD-935AA1B93679" controlTypeID="Image" x="144" y="214" w="73" h="63" zOrder="9">
      <links eventType="AtClick" animate="AmNone" animateAutoDelay="0" animateDuration="500">
        <link targetPageID="23408429-89EB-4D62-899B-49D69503156C" linkType="ltPageLink" isApplyIncludePage="False" title="leave">
          <area shape="0" alt="" ID="{DED825BA-5E2F-40F4-AEA3-593BE5B57674}" coords="(0,0,73,63)"/>
        </link>
      </links>
      <URL>8F0A5A11E2B84F7FF6503250CEE79304.png</URL>
    </control>
    <control controlID="7ECCB607-5347-46BD-8C66-04E11504D320" controlTypeID="Shape" x="0" y="20" w="360" h="52" zOrder="10">
      <color>4291585587</color>
      <font family="%E5%BE%AE%E8%BD%AF%E9%9B%85%E9%BB%91" displayName="%E5%BE%AE%E8%BD%AF%E9%9B%85%E9%BB%91" postScript="" weightStyle="Regular" weight="400" isBold="False" isItalic="False" useDefaultFontFamily="False"/>
      <selectedIndex>-1</selectedIndex>
      <dashMode>SdDash</dashMode>
      <borderMode>[bmRight,bmBottom]</borderMode>
      <radius>8</radius>
    </control>
    <control controlID="2967841D-F8A8-414C-A0A1-E8F172F4BD15" controlTypeID="Label" x="79" y="20" w="178" h="38" zOrder="11">
      <font family="Segoe+UI" displayName="Segoe+UI+Bold+Italic" postScript="" weightStyle="Bold+Italic" weight="700" isBold="True" isItalic="True"/>
      <text>student+mode</text>
      <textColor>4294967295</textColor>
      <textSize>28</textSize>
      <lineSpacing>0</lineSpacing>
      <textStyles>[fsBold,fsItalic]</textStyles>
      <useDefaultTextSize>False</useDefaultTextSize>
      <selectedIndex>-1</selectedIndex>
    </control>
    <control controlID="EF885375-DAF7-4672-A184-BFB3C5318649" controlTypeID="StatusBar(IOS)" x="0" y="0" w="360" h="20" zOrder="12">
      <color>4291611852</color>
    </control>
    <control controlID="FFC9A34F-8DEC-4A87-82EB-2BB9634D89A4" controlTypeID="Icon" x="10" y="30" w="24" h="24" zOrder="13">
      <color>4294967295</color>
      <links eventType="AtClick" animate="AmNone" animateAutoDelay="0" animateDuration="500">
        <link targetPageID="7E5B4460-836E-44EF-AAFC-178D11FAFA9F" linkType="ltPageLink" isApplyIncludePage="False" title="Main">
          <area shape="0" alt="" ID="{6D8ED9D7-69E0-4917-A205-C99E3B50722F}" coords="(0,0,24,24)"/>
        </link>
      </links>
      <icon>
        <ID/>
        <iconFontName>jdIonicons</iconFontName>
        <iconCode>62154</iconCode>
      </icon>
      <URL>D95E480717200F895E41DB6E5B869596.svg</URL>
    </control>
  </controls>
  <param>
    <backgroundColor>4294967295</backgroundColor>
    <fontSize>0</fontSize>
    <fontFamily/>
    <guideLines/>
  </param>
</mockup>