﻿<mockup version="5.3" minAllowVersion="5.3" ID="7E5B4460-836E-44EF-AAFC-178D11FAFA9F" platform="MtMobile" defaultW="360" defaultH="640" measureW="360" measureH="640" screenOrientation="MoPortrait" mobileScreenScale="1.77777779102325">
  <controls controlCount="18">
    <control controlID="00DF38CF-6A7F-45E3-B02D-19B50F59B6FA" controlTypeID="ScrollView" x="0" y="72" w="360" h="550" zOrder="0">
      <borderVisible>False</borderVisible>
      <groupChildrenDescriptors>
        <control controlID="C8E3EBE4-78DF-4F31-93E4-2F10644F3E7B" controlTypeID="ScrollViewContentPanel" x="0" y="0" w="537" h="713" zOrder="0">
          <alias>contentPanel</alias>
          <groupChildrenDescriptors>
            <control controlID="25E0748F-41BE-433D-BD7A-820789179697" controlTypeID="__group__" x="1" y="20" w="376" h="109" zOrder="0">
              <groupChildrenDescriptors>
                <control controlID="B2DACC57-873F-4273-8496-1F00E7D7620C" controlTypeID="Line" x="0" y="50" w="376" h="1" zOrder="0">
                  <color>4291611852</color>
                  <font family="Arial" displayName="Arial" postScript="" weightStyle="Regular" weight="400" isBold="False" isItalic="False"/>
                  <lineSpacing>0</lineSpacing>
                  <selectedIndex>-1</selectedIndex>
                  <controlPoint>(188,0)</controlPoint>
                  <startPoint>(1,0)</startPoint>
                  <endPoint>(376,0)</endPoint>
                </control>
                <control controlID="937799FC-C24B-4606-AED1-5BBA07813624" controlTypeID="Label" x="70" y="10" w="125" h="23" zOrder="1">
                  <links eventType="AtClick" animate="AmNone" animateAutoDelay="0" animateDuration="500">
                    <link targetPageID="59E41FE5-A03E-414F-A5D5-AC063FE65D2A" linkType="ltPageLink" isApplyIncludePage="False" title="student">
                      <area shape="0" alt="" ID="{76E3BD91-57B2-4C82-8C9E-A474349FA40F}" coords="(0,0,125,23)"/>
                    </link>
                  </links>
                  <font family="Arial" displayName="Arial" postScript="" weightStyle="Regular" weight="400" isBold="False" isItalic="False"/>
                  <text>Student+mode</text>
                  <textColor>4281545523</textColor>
                  <textSize>20</textSize>
                  <textVAlign>VaTop</textVAlign>
                  <lineSpacing>0</lineSpacing>
                  <useDefaultTextSize>False</useDefaultTextSize>
                  <selectedIndex>-1</selectedIndex>
                </control>
                <control controlID="A88A6C57-5E04-49F0-B76F-5D544E2D4423" controlTypeID="Image" x="6" y="0" w="47" h="45" zOrder="2">
                  <links eventType="AtClick" animate="AmNone" animateAutoDelay="0" animateDuration="500">
                    <link targetPageID="59E41FE5-A03E-414F-A5D5-AC063FE65D2A" linkType="ltPageLink" isApplyIncludePage="False" title="student">
                      <area shape="0" alt="" ID="{D59E99EF-57AF-473F-B63A-AE598130D919}" coords="(0,0,47,45)"/>
                    </link>
                  </links>
                  <URL>5440E443399DE5DE2335FC96F32073B0.png</URL>
                </control>
                <control controlID="E80F1169-DD0D-46D3-A977-3FA5B64A0911" controlTypeID="Image" x="5" y="61" w="49" h="48" zOrder="3">
                  <links eventType="AtClick" animate="AmNone" animateAutoDelay="0" animateDuration="500">
                    <link targetPageID="255610E3-1F4B-4946-A81D-D50ED3AE2BA2" linkType="ltPageLink" isApplyIncludePage="False" title="admin">
                      <area shape="0" alt="" ID="{2E22177A-D205-473C-94A0-291E3877F71D}" coords="(0,0,49,48)"/>
                    </link>
                  </links>
                  <URL>5253CD40DBCF3C84681097DBEBEACC36.png</URL>
                </control>
              </groupChildrenDescriptors>
            </control>
            <control controlID="9B45C4B1-8034-4188-BB84-58F6CC022913" controlTypeID="Line" x="1" y="144" w="376" h="1" zOrder="1">
              <color>4291611852</color>
              <font family="Arial" displayName="Arial" postScript="" weightStyle="Regular" weight="400" isBold="False" isItalic="False"/>
              <lineSpacing>0</lineSpacing>
              <selectedIndex>-1</selectedIndex>
              <controlPoint>(188,0)</controlPoint>
              <startPoint>(1,0)</startPoint>
              <endPoint>(376,0)</endPoint>
            </control>
            <control controlID="E4F44EE7-E630-4C42-8710-59448D1E8E6C" controlTypeID="__group__" x="1" y="167" w="376" h="54" zOrder="2">
              <groupChildrenDescriptors>
                <control controlID="9CC5D662-AB08-476B-BFCA-5C7FE1D2AD10" controlTypeID="Line" x="0" y="53" w="376" h="1" zOrder="0">
                  <color>4291611852</color>
                  <font family="Arial" displayName="Arial" postScript="" weightStyle="Regular" weight="400" isBold="False" isItalic="False"/>
                  <lineSpacing>0</lineSpacing>
                  <selectedIndex>-1</selectedIndex>
                  <controlPoint>(188,0)</controlPoint>
                  <startPoint>(1,0)</startPoint>
                  <endPoint>(376,0)</endPoint>
                </control>
                <control controlID="E5866C5F-466E-4484-9C78-F90DBE3510CA" controlTypeID="Label" x="44" y="0" w="9" h="17" zOrder="1">
                  <font family="Arial" displayName="Arial" postScript="" weightStyle="Regular" weight="400" isBold="False" isItalic="False"/>
                  <text>B</text>
                  <textColor>4284900966</textColor>
                  <textVAlign>VaTop</textVAlign>
                  <lineSpacing>0</lineSpacing>
                  <useDefaultTextSize>False</useDefaultTextSize>
                  <selectedIndex>-1</selectedIndex>
                </control>
              </groupChildrenDescriptors>
            </control>
            <control controlID="2A31B0D5-21C2-4231-9DAF-FCFD95C719BF" controlTypeID="Label" x="69" y="95" w="150" h="23" zOrder="3">
              <links eventType="AtClick" animate="AmNone" animateAutoDelay="0" animateDuration="500">
                <link targetPageID="255610E3-1F4B-4946-A81D-D50ED3AE2BA2" linkType="ltPageLink" isApplyIncludePage="False" title="admin">
                  <area shape="0" alt="" ID="{BC601057-195E-4BDB-980D-F89CE4661BE0}" coords="(0,0,150,23)"/>
                </link>
              </links>
              <font family="Arial" displayName="Arial" postScript="" weightStyle="Regular" weight="400" isBold="False" isItalic="False"/>
              <text>Administer+mode</text>
              <textColor>4281545523</textColor>
              <textSize>20</textSize>
              <textVAlign>VaTop</textVAlign>
              <lineSpacing>0</lineSpacing>
              <useDefaultTextSize>False</useDefaultTextSize>
              <selectedIndex>-1</selectedIndex>
            </control>
            <control controlID="AD7D9F73-2885-458A-929E-1DBF1752E344" controlTypeID="Image" x="10" y="162" w="44" h="45" zOrder="4">
              <links eventType="AtClick" animate="AmNone" animateAutoDelay="0" animateDuration="500">
                <link targetPageID="328505DE-FD08-44CE-812D-E979835F59CD" linkType="ltPageLink" isApplyIncludePage="False" title="teacher">
                  <area shape="0" alt="" ID="{9D118913-8719-4D02-BC48-AEB97C35F36D}" coords="(0,0,44,45)"/>
                </link>
              </links>
              <URL>CBBC168A3D256E940F4FF1A8B6938B02.png</URL>
            </control>
            <control controlID="CCF9A4EC-4610-4FEC-8486-C0DEA199DB05" controlTypeID="Label" x="69" y="172" w="127" h="23" zOrder="5">
              <links eventType="AtClick" animate="AmNone" animateAutoDelay="0" animateDuration="500">
                <link targetPageID="328505DE-FD08-44CE-812D-E979835F59CD" linkType="ltPageLink" isApplyIncludePage="False" title="teacher">
                  <area shape="0" alt="" ID="{4B99E988-502D-473E-9149-203E942719AD}" coords="(0,0,127,23)"/>
                </link>
              </links>
              <font family="Arial" displayName="Arial" postScript="" weightStyle="Regular" weight="400" isBold="False" isItalic="False"/>
              <text>Teacher+mode</text>
              <textColor>4281545523</textColor>
              <textSize>20</textSize>
              <textVAlign>VaTop</textVAlign>
              <lineSpacing>0</lineSpacing>
              <useDefaultTextSize>False</useDefaultTextSize>
              <selectedIndex>-1</selectedIndex>
            </control>
          </groupChildrenDescriptors>
        </control>
        <control controlID="285424D1-00AF-48CF-8AE7-441A2BEE21C0" controlTypeID="Border" x="0" y="0" w="360" h="550" zOrder="1">
          <color>4284900966</color>
          <borderColor>4278190080</borderColor>
          <borderVisible>False</borderVisible>
          <alias>borderLayer</alias>
        </control>
      </groupChildrenDescriptors>
    </control>
    <control controlID="BFF2635F-4EDF-4F61-8555-4D0BD21EB47E" controlTypeID="StatusBar(IOS)" x="0" y="0" w="360" h="20" zOrder="1">
      <color>4291611852</color>
    </control>
    <control controlID="98495459-99AB-43BA-BF0F-9F80AFB3992E" controlTypeID="Shape" x="0" y="20" w="360" h="52" zOrder="2">
      <color>4291585587</color>
      <font family="%E5%BE%AE%E8%BD%AF%E9%9B%85%E9%BB%91" displayName="%E5%BE%AE%E8%BD%AF%E9%9B%85%E9%BB%91" postScript="" weightStyle="Regular" weight="400" isBold="False" isItalic="False" useDefaultFontFamily="False"/>
      <selectedIndex>-1</selectedIndex>
      <dashMode>SdDash</dashMode>
      <borderMode>[bmRight,bmBottom]</borderMode>
      <radius>8</radius>
    </control>
    <control controlID="FE696583-16ED-4D76-92C0-2CB08A413CC0" controlTypeID="Label" x="81" y="27" w="198" h="38" zOrder="3">
      <font family="Segoe+UI" displayName="Segoe+UI+Bold+Italic" postScript="" weightStyle="Bold+Italic" weight="700" isBold="True" isItalic="True"/>
      <text>Mode+Selection</text>
      <textColor>4294967295</textColor>
      <textSize>28</textSize>
      <lineSpacing>0</lineSpacing>
      <textStyles>[fsBold,fsItalic]</textStyles>
      <useDefaultTextSize>False</useDefaultTextSize>
      <selectedIndex>-1</selectedIndex>
    </control>
  </controls>
  <param>
    <backgroundColor>4294967295</backgroundColor>
    <fontSize>0</fontSize>
    <fontFamily/>
    <guideLines/>
  </param>
</mockup>