﻿<mockup version="5.3" minAllowVersion="5.3" ID="8E955F75-8F24-4EDB-AAD9-CA2CBD4413FE" platform="MtMobile" defaultW="360" defaultH="640" measureW="360" measureH="640" screenOrientation="MoPortrait" mobileScreenScale="1.77777779102325">
  <controls controlCount="5">
    <control controlID="04F9F333-734E-41F9-BEFA-5C877877FE3D" controlTypeID="Shape" x="0" y="0" w="360" h="52" zOrder="0">
      <color>4291585587</color>
      <font family="%E5%BE%AE%E8%BD%AF%E9%9B%85%E9%BB%91" displayName="%E5%BE%AE%E8%BD%AF%E9%9B%85%E9%BB%91" postScript="" weightStyle="Regular" weight="400" isBold="False" isItalic="False" useDefaultFontFamily="False"/>
      <selectedIndex>-1</selectedIndex>
      <dashMode>SdDash</dashMode>
      <borderMode>[bmRight,bmBottom]</borderMode>
      <radius>8</radius>
    </control>
    <control controlID="6D786A3A-807C-43D1-9BCB-BC2CB26CD2BE" controlTypeID="Label" x="66" y="7" w="178" h="38" zOrder="1">
      <font family="Segoe+UI" displayName="Segoe+UI+Bold+Italic" postScript="" weightStyle="Bold+Italic" weight="700" isBold="True" isItalic="True"/>
      <text>teacher+mode</text>
      <textColor>4294967295</textColor>
      <textSize>28</textSize>
      <lineSpacing>0</lineSpacing>
      <textStyles>[fsBold,fsItalic]</textStyles>
      <useDefaultTextSize>False</useDefaultTextSize>
      <selectedIndex>-1</selectedIndex>
    </control>
    <control controlID="24BF9F30-264E-4E78-8535-CB597AACF17A" controlTypeID="Image" x="20" y="72" w="69" h="65" zOrder="2">
      <URL>07F870C86D1BCC65EDA626EFC6BB4FA4.png</URL>
    </control>
    <control controlID="97C81FFB-F30A-4CFD-AD43-F21060ED2016" controlTypeID="Image" x="127" y="67" w="75" h="74" zOrder="3">
      <URL>42321EE1301108AE742B140241CC5282.png</URL>
    </control>
    <control controlID="2E37DDEB-2B5A-4D68-83AB-1B2F8AFD37F9" controlTypeID="Image" x="244" y="72" w="70" h="69" zOrder="4">
      <URL>C3710EA69578B774E8DC3A30011FDCC5.png</URL>
    </control>
  </controls>
  <param>
    <backgroundColor>4294967295</backgroundColor>
    <fontSize>0</fontSize>
    <fontFamily/>
    <guideLines/>
  </param>
</mockup>