﻿<mockup version="5.3" minAllowVersion="5.3" ID="BAE45A72-DE7F-4EBB-AB29-5A8611A3C803" platform="MtMobile" defaultW="360" defaultH="640" measureW="360" measureH="640" screenOrientation="MoPortrait" mobileScreenScale="1.77777779102325">
  <controls controlCount="6">
    <control controlID="F4EA2435-7150-46CC-AD21-DE7D941ECDC9" controlTypeID="StatusBar(IOS)" x="0" y="0" w="360" h="20" zOrder="0">
      <color>4291611852</color>
    </control>
    <control controlID="86D67A54-0763-414C-81DF-AE74C7AD5864" controlTypeID="Shape" x="0" y="20" w="360" h="52" zOrder="1">
      <color>4291585587</color>
      <font family="%E5%BE%AE%E8%BD%AF%E9%9B%85%E9%BB%91" displayName="%E5%BE%AE%E8%BD%AF%E9%9B%85%E9%BB%91" postScript="" weightStyle="Regular" weight="400" isBold="False" isItalic="False" useDefaultFontFamily="False"/>
      <selectedIndex>-1</selectedIndex>
      <dashMode>SdDash</dashMode>
      <borderMode>[bmRight,bmBottom]</borderMode>
      <radius>8</radius>
    </control>
    <control controlID="AE4E4AB0-BC89-4EA0-981D-5F0E460B41C4" controlTypeID="TextInput" x="49" y="441" w="281" h="39" zOrder="2">
      <color>16777215</color>
      <borderColor>6710886</borderColor>
      <font family="Arial" displayName="Arial" postScript="" weightStyle="Regular" weight="400" isBold="False" isItalic="False"/>
      <text>sign+in+code+generation</text>
      <textColor>4281532416</textColor>
      <textSize>20</textSize>
      <textAlign>HaCenter</textAlign>
      <lineSpacing>0</lineSpacing>
      <useDefaultTextSize>False</useDefaultTextSize>
      <selectedIndex>-1</selectedIndex>
    </control>
    <control controlID="55834CE5-6F8A-4F46-B56E-606CBC55842E" controlTypeID="Shape" x="38" y="229" w="292" h="77" zOrder="3">
      <color>4278190182</color>
      <font family="%E5%BE%AE%E8%BD%AF%E9%9B%85%E9%BB%91" displayName="%E5%BE%AE%E8%BD%AF%E9%9B%85%E9%BB%91" postScript="" weightStyle="Regular" weight="400" isBold="False" isItalic="False" useDefaultFontFamily="False"/>
      <selectedIndex>-1</selectedIndex>
      <dashMode>SdDash</dashMode>
      <borderMode>[bmRight,bmBottom]</borderMode>
      <radius>8</radius>
    </control>
    <control controlID="2A6C9F83-E9F2-4CCC-A0C1-EF45BA4E52FD" controlTypeID="TextInput" x="49" y="248" w="281" h="39" zOrder="4">
      <color>16777215</color>
      <borderColor>6710886</borderColor>
      <font family="Arial" displayName="Arial+Bold" postScript="" weightStyle="Bold" weight="700" isBold="True" isItalic="False"/>
      <text>5630</text>
      <textColor>4294967295</textColor>
      <textSize>24</textSize>
      <textAlign>HaCenter</textAlign>
      <lineSpacing>0</lineSpacing>
      <textStyles>[fsBold]</textStyles>
      <useDefaultTextSize>False</useDefaultTextSize>
      <selectedIndex>-1</selectedIndex>
    </control>
    <control controlID="F478B0C9-7F91-4CBE-B5E5-553C9EF2ECC8" controlTypeID="Icon" x="10" y="34" w="24" h="24" zOrder="5">
      <color>4294967295</color>
      <links eventType="AtClick" animate="AmNone" animateAutoDelay="0" animateDuration="500">
        <link targetPageID="328505DE-FD08-44CE-812D-E979835F59CD" linkType="ltPageLink" isApplyIncludePage="False" title="teacher">
          <area shape="0" alt="" ID="{6D8ED9D7-69E0-4917-A205-C99E3B50722F}" coords="(0,0,24,24)"/>
        </link>
      </links>
      <icon>
        <ID/>
        <iconFontName>jdIonicons</iconFontName>
        <iconCode>62154</iconCode>
      </icon>
      <URL>D95E480717200F895E41DB6E5B869596.svg</URL>
    </control>
  </controls>
  <param>
    <backgroundColor>4294967295</backgroundColor>
    <fontSize>0</fontSize>
    <fontFamily/>
    <guideLines/>
  </param>
</mockup>