﻿<mockup version="5.3" minAllowVersion="5.3" ID="DC64E2F4-4646-460F-9BF4-F5AE530E3283" platform="MtMobile" defaultW="360" defaultH="640" measureW="360" measureH="640" screenOrientation="MoPortrait" mobileScreenScale="1.77777779102325">
  <controls controlCount="6">
    <control controlID="2F5C27BE-5CD6-4404-95EE-717495F6B28A" controlTypeID="Shape" x="33" y="282" w="294" h="44" zOrder="0">
      <color>4294901886</color>
      <borderVisible>False</borderVisible>
      <font family="Arial" displayName="Arial" postScript="" weightStyle="Regular" weight="400" isBold="False" isItalic="False"/>
      <text>confirm</text>
      <textColor>4294967295</textColor>
      <textSize>14</textSize>
      <selectedIndex>-1</selectedIndex>
      <radius>4</radius>
    </control>
    <control controlID="07192D07-8F37-4D36-8BDD-8FF0C8A680DA" controlTypeID="Shape" x="33" y="182" w="294" h="44" zOrder="1">
      <color>4293980400</color>
      <borderColor>4293980400</borderColor>
      <borderVisible>False</borderVisible>
      <font family="Arial" displayName="Arial" postScript="" weightStyle="Regular" weight="400" isBold="False" isItalic="False"/>
      <text>verification+code</text>
      <textColor>4293980400</textColor>
      <textSize>14</textSize>
      <selectedIndex>-1</selectedIndex>
      <radius>4</radius>
    </control>
    <control controlID="EED14470-D914-4571-9465-2097372E4F9D" controlTypeID="TextInput" x="40" y="184" w="281" h="39" zOrder="2">
      <color>16777215</color>
      <borderColor>6710886</borderColor>
      <font family="Arial" displayName="Arial" postScript="" weightStyle="Regular" weight="400" isBold="False" isItalic="False"/>
      <text>verification+code</text>
      <textColor>4288256409</textColor>
      <lineSpacing>0</lineSpacing>
      <selectedIndex>-1</selectedIndex>
    </control>
    <control controlID="E80933BF-E2EC-44D3-BA2A-893EB4B4C116" controlTypeID="StatusBar(IOS)" x="0" y="0" w="360" h="20" zOrder="3">
      <color>4291611852</color>
    </control>
    <control controlID="98F22AF2-7F42-4980-A2AE-010E438DF661" controlTypeID="Shape" x="0" y="20" w="360" h="52" zOrder="4">
      <color>4291585587</color>
      <font family="%E5%BE%AE%E8%BD%AF%E9%9B%85%E9%BB%91" displayName="%E5%BE%AE%E8%BD%AF%E9%9B%85%E9%BB%91" postScript="" weightStyle="Regular" weight="400" isBold="False" isItalic="False" useDefaultFontFamily="False"/>
      <selectedIndex>-1</selectedIndex>
      <dashMode>SdDash</dashMode>
      <borderMode>[bmRight,bmBottom]</borderMode>
      <radius>8</radius>
    </control>
    <control controlID="4759630F-4AC9-4D10-B039-9D0B1F1D6DD4" controlTypeID="Icon" x="10" y="34" w="24" h="24" zOrder="5">
      <color>4294967295</color>
      <links eventType="AtClick" animate="AmNone" animateAutoDelay="0" animateDuration="500">
        <link targetPageID="328505DE-FD08-44CE-812D-E979835F59CD" linkType="ltPageLink" isApplyIncludePage="False" title="teacher">
          <area shape="0" alt="" ID="{6D8ED9D7-69E0-4917-A205-C99E3B50722F}" coords="(0,0,24,24)"/>
        </link>
      </links>
      <icon>
        <ID/>
        <iconFontName>jdIonicons</iconFontName>
        <iconCode>62154</iconCode>
      </icon>
      <URL>D95E480717200F895E41DB6E5B869596.svg</URL>
    </control>
  </controls>
  <param>
    <backgroundColor>4294967295</backgroundColor>
    <fontSize>0</fontSize>
    <fontFamily/>
    <guideLines/>
  </param>
</mockup>